Location,Room,Area,Floor,Price
Nəriman Nərimanov m.,3 otaqlı,105 m²,5/8 mərtəbə,280 000
Nəriman Nərimanov m.,3 otaqlı,138 m²,15/20 mərtəbə,258 000
Nəriman Nərimanov m.,3 otaqlı,75 m²,4/4 mərtəbə,199 000
Nəriman Nərimanov m.,2 otaqlı,50 m²,9/9 mərtəbə,140 000
Nəriman Nərimanov m.,3 otaqlı,70 m²,14/14 mərtəbə,160 000
Nəriman Nərimanov m.,2 otaqlı,87 m²,14/17 mərtəbə,185 500
Nəriman Nərimanov m.,4 otaqlı,157 m²,3/17 mərtəbə,480 000
Nəriman Nərimanov m.,2 otaqlı,100 m²,11/17 mərtəbə,240 000
Nəriman Nərimanov m.,2 otaqlı,46 m²,14/14 mərtəbə,177 000
Nəriman Nərimanov m.,3 otaqlı,100 m²,7/12 mərtəbə,330 000
Nəriman Nərimanov m.,2 otaqlı,68 m²,14/14 mərtəbə,218 000
Nəriman Nərimanov m.,3 otaqlı,129 m²,7/17 mərtəbə,365 000
Nəriman Nərimanov m.,3 otaqlı,115 m²,5/17 mərtəbə,350 000
Nəriman Nərimanov m.,4 otaqlı,145 m²,6/20 mərtəbə,275 000
Nəriman Nərimanov m.,2 otaqlı,108 m²,7/16 mərtəbə,250 000
Nəriman Nərimanov m.,2 otaqlı,75 m²,8/10 mərtəbə,255 000
Nəriman Nərimanov m.,6 otaqlı,118 m²,4/17 mərtəbə,240 000
Nəriman Nərimanov m.,3 otaqlı,60 m²,8/9 mərtəbə,155 000
Nəriman Nərimanov m.,2 otaqlı,105 m²,4/14 mərtəbə,268 000
Nəriman Nərimanov m.,4 otaqlı,162 m²,15/17 mərtəbə,405 000
Nəriman Nərimanov m.,2 otaqlı,68.2 m²,9/14 mərtəbə,164 000
Nəriman Nərimanov m.,4 otaqlı,122.3 m²,5/14 mərtəbə,293 616
Nəriman Nərimanov m.,4 otaqlı,145 m²,6/20 mərtəbə,275 000
Nəriman Nərimanov m.,4 otaqlı,104 m²,5/16 mərtəbə,355 000
Nəriman Nərimanov m.,2 otaqlı,100 m²,2/19 mərtəbə,275 000
Nəriman Nərimanov m.,2 otaqlı,70 m²,10/10 mərtəbə,165 000
Nəriman Nərimanov m.,2 otaqlı,42.2 m²,5/9 mərtəbə,135 000
Nəriman Nərimanov m.,2 otaqlı,40.7 m²,3/9 mərtəbə,100 000
Nəriman Nərimanov m.,2 otaqlı,90 m²,11/16 mərtəbə,328 000
Nəriman Nərimanov m.,2 otaqlı,91 m²,7/17 mərtəbə,243 000
Nəriman Nərimanov m.,2 otaqlı,58 m²,11/16 mərtəbə,179 000
Nəriman Nərimanov m.,2 otaqlı,68 m²,14/14 mərtəbə,218 000
Nəriman Nərimanov m.,2 otaqlı,40.4 m²,7/9 mərtəbə,106 000
Nəriman Nərimanov m.,2 otaqlı,48 m²,3/5 mərtəbə,160 000
Nəriman Nərimanov m.,4 otaqlı,110 m²,6/9 mərtəbə,254 000
Nəriman Nərimanov m.,2 otaqlı,103 m²,4/16 mərtəbə,165 000
Nəriman Nərimanov m.,3 otaqlı,129 m²,8/19 mərtəbə,235 000
Nəriman Nərimanov m.,2 otaqlı,80 m²,15/19 mərtəbə,249 000
Nəriman Nərimanov m.,3 otaqlı,139.5 m²,7/17 mərtəbə,465 000
Nəriman Nərimanov m.,4 otaqlı,171.4 m²,11/17 mərtəbə,512 000
Nəriman Nərimanov m.,4 otaqlı,125 m²,8/10 mərtəbə,320 000
Nəriman Nərimanov m.,3 otaqlı,94 m²,7/16 mərtəbə,245 000
Nəriman Nərimanov m.,4 otaqlı,136 m²,6/20 mərtəbə,275 000
Nəriman Nərimanov m.,3 otaqlı,80 m²,15/16 mərtəbə,310 000
Nəriman Nərimanov m.,4 otaqlı,152 m²,10/14 mərtəbə,405 000
Nəriman Nərimanov m.,2 otaqlı,70 m²,9/14 mərtəbə,231 000
Nəriman Nərimanov m.,3 otaqlı,151 m²,14/17 mərtəbə,500 000
Nəriman Nərimanov m.,4 otaqlı,136 m²,6/20 mərtəbə,275 000
Nəriman Nərimanov m.,3 otaqlı,90 m²,9/19 mərtəbə,240 000
Nəriman Nərimanov m.,2 otaqlı,67 m²,6/17 mərtəbə,198 000
Nəriman Nərimanov m.,3 otaqlı,106 m²,12/15 mərtəbə,330 000
Nəriman Nərimanov m.,3 otaqlı,115 m²,5/18 mərtəbə,350 000
Nəriman Nərimanov m.,2 otaqlı,102 m²,12/16 mərtəbə,327 000
Nəriman Nərimanov m.,2 otaqlı,117 m²,14/16 mərtəbə,234 000
Nəriman Nərimanov m.,4 otaqlı,162 m²,15/17 mərtəbə,405 000
Nəriman Nərimanov m.,5 otaqlı,210 m²,2/5 mərtəbə,410 000
Nəriman Nərimanov m.,3 otaqlı,155.5 m²,5/16 mərtəbə,380 000
Gənclik m.,4 otaqlı,166.3 m²,15/17 mərtəbə,808 000
Nəriman Nərimanov m.,3 otaqlı,127 m²,3/16 mərtəbə,350 000
Nəriman Nərimanov m.,3 otaqlı,85 m²,15/17 mərtəbə,309 000
Nəriman Nərimanov m.,4 otaqlı,165 m²,7/8 mərtəbə,450 000
Nəriman Nərimanov m.,4 otaqlı,136 m²,6/20 mərtəbə,275 000
Nəriman Nərimanov m.,3 otaqlı,105 m²,8/8 mərtəbə,240 000
Nəriman Nərimanov m.,2 otaqlı,95 m²,16/18 mərtəbə,245 000
Nəriman Nərimanov m.,2 otaqlı,100 m²,2/20 mərtəbə,262 000
Nəriman Nərimanov m.,4 otaqlı,185 m²,16/17 mərtəbə,650 000
Nəriman Nərimanov m.,2 otaqlı,67 m²,6/17 mərtəbə,198 000
Nəriman Nərimanov m.,2 otaqlı,50 m²,1/4 mərtəbə,220 000
Nəriman Nərimanov m.,2 otaqlı,70 m²,6/16 mərtəbə,196 000
Nəriman Nərimanov m.,2 otaqlı,56 m²,8/17 mərtəbə,172 000
Nəriman Nərimanov m.,2 otaqlı,75 m²,2/8 mərtəbə,208 000
Nəriman Nərimanov m.,2 otaqlı,67 m²,6/16 mərtəbə,196 000
Nəriman Nərimanov m.,2 otaqlı,96 m²,7/17 mərtəbə,260 000
Nəriman Nərimanov m.,3 otaqlı,140 m²,6/17 mərtəbə,480 000
Nəriman Nərimanov m.,2 otaqlı,60 m²,9/16 mərtəbə,220 000
Nəriman Nərimanov m.,3 otaqlı,85 m²,15/17 mərtəbə,309 000
Nəriman Nərimanov m.,3 otaqlı,127 m²,3/16 mərtəbə,350 000
Nəriman Nərimanov m.,2 otaqlı,86.6 m²,15/16 mərtəbə,184 500
Nəriman Nərimanov m.,3 otaqlı,120 m²,11/19 mərtəbə,267 000
Nəriman Nərimanov m.,3 otaqlı,85 m²,5/16 mərtəbə,273 000
Nəriman Nərimanov m.,2 otaqlı,75 m²,2/17 mərtəbə,170 000
Nəriman Nərimanov m.,3 otaqlı,126 m²,3/15 mərtəbə,350 000
Nəriman Nərimanov m.,4 otaqlı,136 m²,6/20 mərtəbə,290 000
Nəriman Nərimanov m.,2 otaqlı,90 m²,8/17 mərtəbə,192 000
Nəriman Nərimanov m.,3 otaqlı,100 m²,7/17 mərtəbə,275 000
Nəriman Nərimanov m.,3 otaqlı,140 m²,6/17 mərtəbə,480 000
Nəriman Nərimanov m.,3 otaqlı,127 m²,3/16 mərtəbə,350 000
Nəriman Nərimanov m.,3 otaqlı,83 m²,12/16 mərtəbə,265 000
Nəriman Nərimanov m.,2 otaqlı,91 m²,5/12 mərtəbə,265 000
Nəriman Nərimanov m.,4 otaqlı,215 m²,5/15 mərtəbə,516 000
Nəriman Nərimanov m.,3 otaqlı,112 m²,11/16 mərtəbə,280 000
Nəriman Nərimanov m.,1 otaqlı,41 m²,1/5 mərtəbə,109 000
Bakmil m.,3 otaqlı,90 m²,8/16 mərtəbə,248 000
Nəriman Nərimanov m.,2 otaqlı,87 m²,12/17 mərtəbə,184 500
Nəriman Nərimanov m.,2 otaqlı,75 m²,12/17 mərtəbə,268 000
Nəriman Nərimanov m.,3 otaqlı,100 m²,7/12 mərtəbə,330 000
Nəriman Nərimanov m.,2 otaqlı,75 m²,11/17 mərtəbə,265 000
Nəriman Nərimanov m.,4 otaqlı,320 m²,16/16 mərtəbə,418 000
Nəriman Nərimanov m.,3 otaqlı,78 m²,4/5 mərtəbə,170 000
Nəriman Nərimanov m.,5 otaqlı,120 m²,4/8 mərtəbə,370 000
Nəriman Nərimanov m.,2 otaqlı,51 m²,5/17 mərtəbə,160 000
Nəriman Nərimanov m.,4 otaqlı,142 m²,4/15 mərtəbə,330 000
Nəriman Nərimanov m.,2 otaqlı,50 m²,8/9 mərtəbə,159 000
Nəriman Nərimanov m.,2 otaqlı,98 m²,5/8 mərtəbə,225 000
Nəriman Nərimanov m.,3 otaqlı,105 m²,4/15 mərtəbə,260 000
Nəriman Nərimanov m.,3 otaqlı,176 m²,8/17 mərtəbə,535 000
Nəriman Nərimanov m.,2 otaqlı,80 m²,3/8 mərtəbə,245 000
Nəriman Nərimanov m.,2 otaqlı,81 m²,16/19 mərtəbə,208 000
Nəriman Nərimanov m.,4 otaqlı,165 m²,2/10 mərtəbə,340 000
Nəriman Nərimanov m.,3 otaqlı,100 m²,7/17 mərtəbə,275 000
Nəriman Nərimanov m.,3 otaqlı,70 m²,4/5 mərtəbə,170 000
Nəriman Nərimanov m.,4 otaqlı,122.3 m²,9/14 mərtəbə,305 850
Nəriman Nərimanov m.,4 otaqlı,122.3 m²,9/14 mərtəbə,305 850
Nəriman Nərimanov m.,3 otaqlı,105 m²,5/8 mərtəbə,280 000
Gənclik m.,4 otaqlı,166.3 m²,15/17 mərtəbə,808 000
Nəriman Nərimanov m.,3 otaqlı,85 m²,15/17 mərtəbə,309 000
Nəriman Nərimanov m.,3 otaqlı,130 m²,8/19 mərtəbə,235 000
Nəriman Nərimanov m.,3 otaqlı,111 m²,3/14 mərtəbə,299 500
Nəriman Nərimanov m.,2 otaqlı,57 m²,5/5 mərtəbə,157 000
Nəriman Nərimanov m.,4 otaqlı,96.2 m²,3/4 mərtəbə,235 000
Nəriman Nərimanov m.,2 otaqlı,54 m²,4/15 mərtəbə,199 000
Nəriman Nərimanov m.,3 otaqlı,100 m²,7/12 mərtəbə,330 000
Nəriman Nərimanov m.,3 otaqlı,132 m²,11/18 mərtəbə,380 000
Nəriman Nərimanov m.,2 otaqlı,86 m²,14/16 mərtəbə,247 999
Nəriman Nərimanov m.,3 otaqlı,129 m²,8/19 mərtəbə,235 000
Nəriman Nərimanov m.,3 otaqlı,127.4 m²,12/20 mərtəbə,290 000
Nəriman Nərimanov m.,4 otaqlı,164 m²,3/14 mərtəbə,330 000
Nəriman Nərimanov m.,2 otaqlı,68 m²,14/14 mərtəbə,218 000
Nəriman Nərimanov m.,2 otaqlı,55 m²,4/15 mərtəbə,199 000
Nəriman Nərimanov m.,2 otaqlı,75 m²,8/10 mərtəbə,255 000
Nəriman Nərimanov m.,3 otaqlı,90 m²,9/19 mərtəbə,240 000
Nəriman Nərimanov m.,4 otaqlı,154 m²,5/18 mərtəbə,270 000
Nəriman Nərimanov m.,2 otaqlı,55 m²,9/15 mərtəbə,175 000
Nəriman Nərimanov m.,3 otaqlı,135 m²,2/19 mərtəbə,285 000
Nəriman Nərimanov m.,3 otaqlı,125 m²,16/17 mərtəbə,450 000
Nəriman Nərimanov m.,5 otaqlı,225 m²,12/18 mərtəbə,600 000
Nəriman Nərimanov m.,4 otaqlı,164 m²,3/17 mərtəbə,496 000
Nəriman Nərimanov m.,3 otaqlı,72 m²,6/9 mərtəbə,218 000
Nəriman Nərimanov m.,4 otaqlı,207 m²,11/19 mərtəbə,589 950
Nəriman Nərimanov m.,3 otaqlı,152 m²,14/18 mərtəbə,425 000
Nəriman Nərimanov m.,3 otaqlı,75 m²,4/4 mərtəbə,199 000
Nəriman Nərimanov m.,3 otaqlı,83 m²,12/16 mərtəbə,265 000
Nəriman Nərimanov m.,2 otaqlı,91 m²,7/17 mərtəbə,243 000
Nəriman Nərimanov m.,2 otaqlı,84 m²,14/16 mərtəbə,275 000
Nəriman Nərimanov m.,2 otaqlı,60 m²,7/9 mərtəbə,168 000
Nəriman Nərimanov m.,3 otaqlı,133 m²,12/16 mərtəbə,350 000
Nəriman Nərimanov m.,3 otaqlı,125 m²,16/16 mərtəbə,450 000
Nəriman Nərimanov m.,3 otaqlı,137 m²,9/16 mərtəbə,460 000
Nəriman Nərimanov m.,2 otaqlı,84 m²,14/16 mərtəbə,275 000
Nəriman Nərimanov m.,4 otaqlı,177 m²,5/17 mərtəbə,530 000
Nəriman Nərimanov m.,4 otaqlı,141 m²,6/20 mərtəbə,275 000
Nəriman Nərimanov m.,4 otaqlı,217 m²,7/17 mərtəbə,485 000
Nəriman Nərimanov m.,4 otaqlı,182 m²,16/18 mərtəbə,620 000
Nəriman Nərimanov m.,3 otaqlı,135 m²,11/17 mərtəbə,385 500
Nəriman Nərimanov m.,4 otaqlı,176 m²,5/17 mərtəbə,530 000
Nəriman Nərimanov m.,2 otaqlı,55 m²,3/10 mərtəbə,215 000
Nəriman Nərimanov m.,2 otaqlı,100 m²,2/16 mərtəbə,255 000
Nəriman Nərimanov m.,3 otaqlı,75 m²,4/5 mərtəbə,170 000
Gənclik m.,2 otaqlı,60 m²,8/14 mərtəbə,205 000
Nəriman Nərimanov m.,3 otaqlı,102 m²,8/12 mərtəbə,330 000
Nəriman Nərimanov m.,2 otaqlı,92 m²,3/16 mərtəbə,265 000
Nəriman Nərimanov m.,4 otaqlı,134 m²,13/16 mərtəbə,495 000
Nəriman Nərimanov m.,3 otaqlı,117 m²,3/14 mərtəbə,248 000
Nəriman Nərimanov m.,4 otaqlı,165 m²,14/16 mərtəbə,395 000
Nəriman Nərimanov m.,4 otaqlı,180 m²,5/16 mərtəbə,530 000
Nəriman Nərimanov m.,3 otaqlı,135 m²,9/16 mərtəbə,273 000
Nəriman Nərimanov m.,3 otaqlı,120 m²,4/17 mərtəbə,358 000
Nəriman Nərimanov m.,3 otaqlı,80 m²,14/18 mərtəbə,258 000
Nəriman Nərimanov m.,6 otaqlı,175 m²,3/4 mərtəbə,495 000
Nəriman Nərimanov m.,4 otaqlı,96.2 m²,3/4 mərtəbə,235 000
Nəriman Nərimanov m.,2 otaqlı,85 m²,8/17 mərtəbə,270 000
Nəriman Nərimanov m.,4 otaqlı,137 m²,9/20 mərtəbə,275 000
Nəriman Nərimanov m.,2 otaqlı,91 m²,7/17 mərtəbə,243 000
Nəriman Nərimanov m.,2 otaqlı,50 m²,9/9 mərtəbə,140 000
Nəriman Nərimanov m.,4 otaqlı,136 m²,6/20 mərtəbə,275 000
Nəriman Nərimanov m.,3 otaqlı,77 m²,4/4 mərtəbə,165 000
Nəriman Nərimanov m.,3 otaqlı,83 m²,12/16 mərtəbə,265 000
Nəriman Nərimanov m.,2 otaqlı,60 m²,5/5 mərtəbə,157 000
Nəriman Nərimanov m.,2 otaqlı,105 m²,8/16 mərtəbə,260 000
Nəriman Nərimanov m.,4 otaqlı,164 m²,8/9 mərtəbə,450 000
Nəriman Nərimanov m.,3 otaqlı,148 m²,14/17 mərtəbə,369 000
Nəriman Nərimanov m.,4 otaqlı,162 m²,15/17 mərtəbə,405 000
Nəriman Nərimanov m.,3 otaqlı,72 m²,4/5 mərtəbə,170 000
Nəriman Nərimanov m.,2 otaqlı,62 m²,7/11 mərtəbə,199 000
Nəriman Nərimanov m.,2 otaqlı,60 m²,4/4 mərtəbə,125 000
Nəriman Nərimanov m.,2 otaqlı,85 m²,18/20 mərtəbə,210 000
Nəriman Nərimanov m.,2 otaqlı,65 m²,16/17 mərtəbə,215 000
Nəriman Nərimanov m.,3 otaqlı,130 m²,9/16 mərtəbə,280 000
Nəriman Nərimanov m.,4 otaqlı,102 m²,8/17 mərtəbə,275 000
Nəriman Nərimanov m.,4 otaqlı,145 m²,10/14 mərtəbə,425 000
Nəriman Nərimanov m.,3 otaqlı,130 m²,12/19 mərtəbə,268 000
Nəriman Nərimanov m.,3 otaqlı,98 m²,11/17 mərtəbə,255 000
Nəriman Nərimanov m.,1 otaqlı,54 m²,4/16 mərtəbə,170 000
Nəriman Nərimanov m.,3 otaqlı,142 m²,3/17 mərtəbə,255 500
Nəriman Nərimanov m.,3 otaqlı,108 m²,17/17 mərtəbə,250 000
Nəriman Nərimanov m.,2 otaqlı,75 m²,5/16 mərtəbə,235 000
Nəriman Nərimanov m.,2 otaqlı,92 m²,3/16 mərtəbə,265 000
Nəriman Nərimanov m.,2 otaqlı,69 m²,4/16 mərtəbə,204 000
Nəriman Nərimanov m.,3 otaqlı,85 m²,15/17 mərtəbə,309 000
Nəriman Nərimanov m.,2 otaqlı,55 m²,7/17 mərtəbə,189 000
Nəriman Nərimanov m.,3 otaqlı,150 m²,10/17 mərtəbə,330 000
Nəriman Nərimanov m.,3 otaqlı,125 m²,8/14 mərtəbə,425 000
Nəriman Nərimanov m.,3 otaqlı,83.7 m²,15/17 mərtəbə,309 000
Nəriman Nərimanov m.,3 otaqlı,94 m²,7/18 mərtəbə,285 000
Nəriman Nərimanov m.,3 otaqlı,100 m²,7/12 mərtəbə,329 000
Nəriman Nərimanov m.,4 otaqlı,137 m²,9/20 mərtəbə,275 000
Nəriman Nərimanov m.,4 otaqlı,177 m²,3/17 mərtəbə,540 000
Nəriman Nərimanov m.,2 otaqlı,36 m²,1/5 mərtəbə,132 000
Nəriman Nərimanov m.,2 otaqlı,95 m²,5/12 mərtəbə,264 500
Nəriman Nərimanov m.,3 otaqlı,118 m²,4/17 mərtəbə,358 000
Nəriman Nərimanov m.,2 otaqlı,50 m²,14/14 mərtəbə,177 000
Nəriman Nərimanov m.,2 otaqlı,68 m²,14/14 mərtəbə,218 000
Nəriman Nərimanov m.,2 otaqlı,90 m²,11/16 mərtəbə,328 000
Nəriman Nərimanov m.,3 otaqlı,71 m²,6/9 mərtəbə,215 000
Nəriman Nərimanov m.,2 otaqlı,91 m²,5/14 mərtəbə,265 000
Nəriman Nərimanov m.,1 otaqlı,35 m²,9/9 mərtəbə,107 000
Nəriman Nərimanov m.,4 otaqlı,180 m²,12/16 mərtəbə,350 000
Nəriman Nərimanov m.,2 otaqlı,50 m²,5/5 mərtəbə,144 000
Nəriman Nərimanov m.,6 otaqlı,650 m²,17/17 mərtəbə,870 000
Nəriman Nərimanov m.,3 otaqlı,60 m²,4/4 mərtəbə,165 000
Nəriman Nərimanov m.,3 otaqlı,99 m²,2/6 mərtəbə,270 000
Nəriman Nərimanov m.,3 otaqlı,100 m²,7/12 mərtəbə,330 000
Bakmil m.,3 otaqlı,120 m²,3/16 mərtəbə,259 000
Nəriman Nərimanov m.,2 otaqlı,77 m²,7/17 mərtəbə,220 000
Gənclik m.,2 otaqlı,60 m²,8/14 mərtəbə,205 000
Nəriman Nərimanov m.,2 otaqlı,91 m²,7/17 mərtəbə,243 000
Nəriman Nərimanov m.,2 otaqlı,50 m²,14/14 mərtəbə,177 000
Nəriman Nərimanov m.,2 otaqlı,70 m²,6/16 mərtəbə,196 000
Nəriman Nərimanov m.,3 otaqlı,110 m²,12/13 mərtəbə,289 900
Nəriman Nərimanov m.,2 otaqlı,95 m²,5/12 mərtəbə,265 000
Nəriman Nərimanov m.,3 otaqlı,60 m²,2/9 mərtəbə,184 000
Nəriman Nərimanov m.,4 otaqlı,160 m²,2/10 mərtəbə,450 000
Nəriman Nərimanov m.,4 otaqlı,176 m²,5/18 mərtəbə,530 000
Nəriman Nərimanov m.,3 otaqlı,135 m²,16/19 mərtəbə,320 000
Nəriman Nərimanov m.,3 otaqlı,92 m²,16/17 mərtəbə,360 000
Nəriman Nərimanov m.,3 otaqlı,115 m²,5/17 mərtəbə,350 000
Nəriman Nərimanov m.,3 otaqlı,100 m²,7/16 mərtəbə,270 000
Nəriman Nərimanov m.,2 otaqlı,96 m²,2/21 mərtəbə,263 000
Nəriman Nərimanov m.,4 otaqlı,165 m²,2/10 mərtəbə,355 000
Nəriman Nərimanov m.,4 otaqlı,170 m²,15/16 mərtəbə,550 000
Nəriman Nərimanov m.,3 otaqlı,85 m²,14/17 mərtəbə,215 000
Nəriman Nərimanov m.,3 otaqlı,105 m²,5/8 mərtəbə,280 000
Nəriman Nərimanov m.,2 otaqlı,50 m²,9/9 mərtəbə,140 000
Nəriman Nərimanov m.,4 otaqlı,165 m²,11/16 mərtəbə,350 000
Nəriman Nərimanov m.,2 otaqlı,87 m²,13/17 mərtəbə,184 000
Nəriman Nərimanov m.,3 otaqlı,130 m²,6/8 mərtəbə,318 000
Nəriman Nərimanov m.,2 otaqlı,55 m²,7/16 mərtəbə,189 000
Nəriman Nərimanov m.,3 otaqlı,70 m²,4/5 mərtəbə,170 000
Nəriman Nərimanov m.,2 otaqlı,67 m²,5/16 mərtəbə,235 000
Nəriman Nərimanov m.,3 otaqlı,75 m²,4/5 mərtəbə,170 000
Nəriman Nərimanov m.,3 otaqlı,140 m²,6/16 mərtəbə,480 000
Nəriman Nərimanov m.,3 otaqlı,155 m²,3/18 mərtəbə,255 000
Nəriman Nərimanov m.,3 otaqlı,135 m²,2/19 mərtəbə,285 000
Nəriman Nərimanov m.,3 otaqlı,130 m²,6/8 mərtəbə,318 000
Nəriman Nərimanov m.,3 otaqlı,155.5 m²,5/16 mərtəbə,380 000
Nəriman Nərimanov m.,3 otaqlı,129 m²,8/19 mərtəbə,235 000
Nəriman Nərimanov m.,3 otaqlı,94 m²,16/16 mərtəbə,360 000
Nəriman Nərimanov m.,2 otaqlı,87 m²,12/16 mərtəbə,185 000
Nəriman Nərimanov m.,3 otaqlı,87 m²,11/14 mərtəbə,244 000
Nəriman Nərimanov m.,2 otaqlı,80 m²,15/16 mərtəbə,310 000
Nəriman Nərimanov m.,3 otaqlı,90 m²,2/5 mərtəbə,190 000
Nəriman Nərimanov m.,3 otaqlı,100 m²,12/12 mərtəbə,290 000
Nəriman Nərimanov m.,2 otaqlı,70 m²,5/16 mərtəbə,215 000
Gənclik m.,3 otaqlı,140 m²,6/17 mərtəbə,480 000
Nəriman Nərimanov m.,2 otaqlı,90 m²,13/16 mərtəbə,355 000
Nəriman Nərimanov m.,3 otaqlı,116.3 m²,15/17 mərtəbə,335 000
Nəriman Nərimanov m.,4 otaqlı,100 m²,3/4 mərtəbə,235 000
Nəriman Nərimanov m.,3 otaqlı,83 m²,8/16 mərtəbə,259 500
Nəriman Nərimanov m.,2 otaqlı,40 m²,5/5 mərtəbə,129 000
Nəriman Nərimanov m.,3 otaqlı,110 m²,7/8 mərtəbə,320 000
Nəriman Nərimanov m.,3 otaqlı,70 m²,4/5 mərtəbə,170 000
Nəriman Nərimanov m.,3 otaqlı,138 m²,15/19 mərtəbə,258 000
Nəriman Nərimanov m.,5 otaqlı,120 m²,4/8 mərtəbə,340 000
Nəriman Nərimanov m.,4 otaqlı,180 m²,16/17 mərtəbə,650 000
Nəriman Nərimanov m.,2 otaqlı,35 m²,1/5 mərtəbə,140 000
Nəriman Nərimanov m.,3 otaqlı,152 m²,7/21 mərtəbə,335 000
Nəriman Nərimanov m.,3 otaqlı,138 m²,15/20 mərtəbə,258 000
Nəriman Nərimanov m.,3 otaqlı,137 m²,8/19 mərtəbə,390 450
Nəriman Nərimanov m.,3 otaqlı,132 m²,7/18 mərtəbə,365 000
Nəriman Nərimanov m.,2 otaqlı,57 m²,5/19 mərtəbə,167 450
Gənclik m.,3 otaqlı,143.9 m²,15/17 mərtəbə,707 000
Gənclik m.,2 otaqlı,78.2 m²,12/18 mərtəbə,365 976
Gənclik m.,2 otaqlı,60 m²,8/14 mərtəbə,205 000
Gənclik m.,3 otaqlı,90 m²,7/9 mərtəbə,195 000
Gənclik m.,2 otaqlı,60 m²,5/5 mərtəbə,116 000
Gənclik m.,2 otaqlı,65 m²,8/9 mərtəbə,165 000
Gənclik m.,5 otaqlı,170 m²,6/16 mərtəbə,430 000
Gənclik m.,3 otaqlı,90 m²,7/7 mərtəbə,295 000
Gənclik m.,4 otaqlı,167 m²,6/14 mərtəbə,355 000
Gənclik m.,1 otaqlı,73 m²,10/17 mərtəbə,199 900
Gənclik m.,1 otaqlı,31 m²,3/5 mərtəbə,125 000
Gənclik m.,2 otaqlı,52 m²,4/4 mərtəbə,135 000
Gənclik m.,3 otaqlı,111 m²,7/8 mərtəbə,320 000
Nəriman Nərimanov m.,2 otaqlı,70 m²,10/10 mərtəbə,165 000
Nəriman Nərimanov m.,2 otaqlı,42.2 m²,5/9 mərtəbə,135 000
Gənclik m.,2 otaqlı,65.5 m²,1/9 mərtəbə,160 000
Gənclik m.,3 otaqlı,80 m²,5/5 mərtəbə,200 000
Nəriman Nərimanov m.,3 otaqlı,139.5 m²,7/17 mərtəbə,465 000
Gənclik m.,4 otaqlı,147 m²,7/10 mərtəbə,360 000
Gənclik m.,3 otaqlı,80 m²,6/9 mərtəbə,215 000
Gənclik m.,3 otaqlı,145 m²,12/17 mərtəbə,297 000
Gənclik m.,3 otaqlı,177 m²,9/17 mərtəbə,275 000
Gənclik m.,2 otaqlı,60 m²,3/4 mərtəbə,172 000
Gənclik m.,4 otaqlı,105 m²,5/5 mərtəbə,195 000
Gənclik m.,3 otaqlı,100 m²,3/17 mərtəbə,255 000
Gənclik m.,2 otaqlı,68 m²,12/17 mərtəbə,195 000
Gənclik m.,4 otaqlı,157 m²,9/17 mərtəbə,425 000
Gənclik m.,3 otaqlı,90 m²,7/9 mərtəbə,195 000
Gənclik m.,3 otaqlı,114.7 m²,14/16 mərtəbə,330 000
Gənclik m.,2 otaqlı,60 m²,6/16 mərtəbə,175 000
Gənclik m.,3 otaqlı,90 m²,7/9 mərtəbə,195 000
Gənclik m.,2 otaqlı,68 m²,12/17 mərtəbə,195 000
Gənclik m.,3 otaqlı,82 m²,6/15 mərtəbə,229 000
Gənclik m.,4 otaqlı,120 m²,6/9 mərtəbə,254 000
Gənclik m.,2 otaqlı,65 m²,3/4 mərtəbə,158 000
Gənclik m.,3 otaqlı,75 m²,4/4 mərtəbə,165 000
Gənclik m.,3 otaqlı,70 m²,3/5 mərtəbə,165 000
Gənclik m.,3 otaqlı,140 m²,6/17 mərtəbə,480 000
Gənclik m.,3 otaqlı,90 m²,4/9 mərtəbə,205 000
Gənclik m.,3 otaqlı,90 m²,1/9 mərtəbə,196 000
Nəriman Nərimanov m.,3 otaqlı,111 m²,3/14 mərtəbə,299 500
Gənclik m.,2 otaqlı,60 m²,8/9 mərtəbə,165 000
Gənclik m.,2 otaqlı,64 m²,14/16 mərtəbə,205 000
Gənclik m.,3 otaqlı,85 m²,4/9 mərtəbə,215 000
Gənclik m.,2 otaqlı,60 m²,17/21 mərtəbə,190 000
Gənclik m.,3 otaqlı,130 m²,17/19 mərtəbə,295 000
Gənclik m.,3 otaqlı,140 m²,14/16 mərtəbə,379 000
Gənclik m.,3 otaqlı,90 m²,1/9 mərtəbə,197 000
Gənclik m.,3 otaqlı,115 m²,17/19 mərtəbə,285 000
Gənclik m.,3 otaqlı,95 m²,4/9 mərtəbə,215 000
Gənclik m.,3 otaqlı,141 m²,3/19 mərtəbə,261 000
Gənclik m.,4 otaqlı,110 m²,6/9 mərtəbə,254 000
Gənclik m.,4 otaqlı,179 m²,16/17 mərtəbə,462 000
Gənclik m.,4 otaqlı,105 m²,7/16 mərtəbə,260 000
Gənclik m.,3 otaqlı,142 m²,8/14 mərtəbə,369 000
Gənclik m.,2 otaqlı,60 m²,8/14 mərtəbə,205 000
Gənclik m.,3 otaqlı,90 m²,1/9 mərtəbə,197 000
Gənclik m.,2 otaqlı,64 m²,14/16 mərtəbə,205 000
Gənclik m.,2 otaqlı,60 m²,17/21 mərtəbə,190 000
Gənclik m.,3 otaqlı,90 m²,4/5 mərtəbə,220 000
Gənclik m.,2 otaqlı,65 m²,7/9 mərtəbə,165 000
Gənclik m.,2 otaqlı,88 m²,10/14 mərtəbə,220 000
Gənclik m.,4 otaqlı,110 m²,7/9 mərtəbə,260 000
Gənclik m.,4 otaqlı,166 m²,8/17 mərtəbə,332 000
Gənclik m.,7 otaqlı,400 m²,11/12 mərtəbə,1 800 000
Gənclik m.,3 otaqlı,114.7 m²,14/16 mərtəbə,320 000
Gənclik m.,3 otaqlı,110 m²,7/8 mərtəbə,320 000
Gənclik m.,3 otaqlı,187 m²,6/14 mərtəbə,570 000
Gənclik m.,3 otaqlı,129 m²,14/16 mərtəbə,316 000
Nəriman Nərimanov m.,3 otaqlı,125 m²,8/14 mərtəbə,425 000
Gənclik m.,2 otaqlı,70 m²,2/9 mərtəbə,170 000
Gənclik m.,2 otaqlı,60 m²,6/16 mərtəbə,175 000
Gənclik m.,4 otaqlı,117 m²,1/5 mərtəbə,160 000
Gənclik m.,3 otaqlı,130 m²,13/17 mərtəbə,449 000
Gənclik m.,3 otaqlı,140 m²,14/17 mərtəbə,379 000
Gənclik m.,2 otaqlı,54 m²,2/15 mərtəbə,182 000
Gənclik m.,2 otaqlı,56 m²,8/9 mərtəbə,165 000
Nəriman Nərimanov m.,3 otaqlı,118 m²,4/17 mərtəbə,358 000
Nəriman Nərimanov m.,3 otaqlı,71 m²,6/9 mərtəbə,215 000
Gənclik m.,3 otaqlı,110 m²,7/8 mərtəbə,320 000
Nəriman Nərimanov m.,1 otaqlı,35 m²,9/9 mərtəbə,107 000
Gənclik m.,2 otaqlı,65 m²,3/4 mərtəbə,172 000
Gənclik m.,2 otaqlı,113 m²,7/15 mərtəbə,316 400
Nəriman Nərimanov m.,3 otaqlı,99 m²,2/6 mərtəbə,270 000
Gənclik m.,4 otaqlı,117 m²,1/5 mərtəbə,160 000
Gənclik m.,2 otaqlı,64 m²,14/16 mərtəbə,205 000
Gənclik m.,3 otaqlı,160 m²,11/18 mərtəbə,630 000
Gənclik m.,2 otaqlı,68 m²,12/17 mərtəbə,195 000
Gənclik m.,2 otaqlı,56 m²,4/4 mərtəbə,135 000
Gənclik m.,3 otaqlı,136 m²,13/14 mərtəbə,319 000
Gənclik m.,3 otaqlı,90 m²,4/9 mərtəbə,219 000
Gənclik m.,2 otaqlı,65 m²,8/9 mərtəbə,165 000
Gənclik m.,3 otaqlı,110 m²,7/8 mərtəbə,320 000
Gənclik m.,2 otaqlı,52 m²,4/4 mərtəbə,135 000
Gənclik m.,3 otaqlı,160 m²,8/16 mərtəbə,329 000
Gənclik m.,4 otaqlı,170 m²,8/16 mərtəbə,325 000
Gənclik m.,2 otaqlı,50 m²,3/4 mərtəbə,171 500
Nəriman Nərimanov m.,3 otaqlı,140 m²,6/16 mərtəbə,480 000
Gənclik m.,3 otaqlı,91 m²,5/16 mərtəbə,278 000
Gənclik m.,3 otaqlı,140 m²,6/17 mərtəbə,480 000
Gənclik m.,3 otaqlı,114 m²,4/10 mərtəbə,248 000
Gənclik m.,4 otaqlı,155 m²,9/14 mərtəbə,410 000
Gənclik m.,2 otaqlı,55 m²,4/14 mərtəbə,215 000
Gənclik m.,3 otaqlı,160 m²,11/18 mərtəbə,630 000
Gənclik m.,3 otaqlı,130 m²,13/17 mərtəbə,450 000
Nəriman Nərimanov m.,3 otaqlı,118 m²,4/17 mərtəbə,358 000
Gənclik m.,3 otaqlı,75 m²,6/16 mərtəbə,215 000
Gənclik m.,3 otaqlı,85 m²,6/9 mərtəbə,208 000
Gənclik m.,3 otaqlı,140 m²,6/17 mərtəbə,480 000
Gənclik m.,3 otaqlı,90 m²,4/5 mərtəbə,220 000
Nəriman Nərimanov m.,3 otaqlı,87 m²,1/9 mərtəbə,198 000
Nəriman Nərimanov m.,2 otaqlı,42 m²,5/9 mərtəbə,135 000
Gənclik m.,3 otaqlı,115 m²,2/15 mərtəbə,297 000
Gənclik m.,3 otaqlı,85 m²,4/9 mərtəbə,215 000
Gənclik m.,7 otaqlı,400 m²,11/12 mərtəbə,1 800 000
Gənclik m.,7 otaqlı,270 m²,16/17 mərtəbə,945 000
Gənclik m.,3 otaqlı,125 m²,6/14 mərtəbə,425 000
Gənclik m.,2 otaqlı,70 m²,16/18 mərtəbə,220 000
Gənclik m.,7 otaqlı,270 m²,16/17 mərtəbə,945 000
Gənclik m.,3 otaqlı,70 m²,2/9 mərtəbə,170 000
Gənclik m.,3 otaqlı,80 m²,6/6 mərtəbə,215 000
Gənclik m.,4 otaqlı,100 m²,6/9 mərtəbə,255 000
Gənclik m.,2 otaqlı,78.2 m²,12/18 mərtəbə,365 976
Gənclik m.,3 otaqlı,114.7 m²,14/16 mərtəbə,330 000
Gənclik m.,3 otaqlı,135 m²,14/16 mərtəbə,445 000
Gənclik m.,2 otaqlı,59 m²,7/9 mərtəbə,170 000
Gənclik m.,3 otaqlı,140 m²,6/17 mərtəbə,479 000
Gənclik m.,2 otaqlı,64 m²,14/16 mərtəbə,205 000
Gənclik m.,4 otaqlı,232 m²,9/20 mərtəbə,440 000
Nəriman Nərimanov m.,2 otaqlı,58 m²,11/16 mərtəbə,179 000
Gənclik m.,4 otaqlı,178 m²,15/18 mərtəbə,489 500
Gənclik m.,3 otaqlı,80 m²,18/18 mərtəbə,129 000
Gənclik m.,4 otaqlı,115 m²,6/9 mərtəbə,255 000
Gənclik m.,5 otaqlı,290 m²,7/8 mərtəbə,780 000
Gənclik m.,3 otaqlı,138 m²,14/17 mərtəbə,350 000
Gənclik m.,3 otaqlı,115 m²,7/8 mərtəbə,315 000
Gənclik m.,4 otaqlı,210 m²,7/16 mərtəbə,790 000
Gənclik m.,2 otaqlı,96 m²,6/16 mərtəbə,275 000
Nəriman Nərimanov m.,3 otaqlı,95 m²,4/5 mərtəbə,255 000
Gənclik m.,4 otaqlı,208 m²,7/17 mərtəbə,790 000
Gənclik m.,3 otaqlı,115 m²,17/19 mərtəbə,285 000
Gənclik m.,2 otaqlı,52 m²,4/4 mərtəbə,135 000
Gənclik m.,2 otaqlı,60 m²,17/21 mərtəbə,190 000
Gənclik m.,7 otaqlı,400 m²,11/12 mərtəbə,1 800 000
Gənclik m.,3 otaqlı,145 m²,13/18 mərtəbə,379 000
Nəriman Nərimanov m.,3 otaqlı,95 m²,8/14 mərtəbə,260 000
Nəriman Nərimanov m.,3 otaqlı,93 m²,11/16 mərtəbə,240 000
Gənclik m.,4 otaqlı,170 m²,9/14 mərtəbə,450 000
Gənclik m.,3 otaqlı,115 m²,2/15 mərtəbə,297 000
Gənclik m.,2 otaqlı,105 m²,8/20 mərtəbə,265 000
Gənclik m.,2 otaqlı,60 m²,18/21 mərtəbə,190 000
Gənclik m.,3 otaqlı,143.9 m²,15/17 mərtəbə,707 000
Gənclik m.,4 otaqlı,166.3 m²,15/17 mərtəbə,808 000
Gənclik m.,2 otaqlı,75.5 m²,18/19 mərtəbə,198 000
Gənclik m.,3 otaqlı,165 m²,8/12 mərtəbə,500 000
Gənclik m.,3 otaqlı,75 m²,6/6 mərtəbə,169 000
Gənclik m.,3 otaqlı,110 m²,7/8 mərtəbə,320 000
Gənclik m.,2 otaqlı,33.3 m²,4/5 mərtəbə,117 000
Gənclik m.,4 otaqlı,120 m²,7/9 mərtəbə,260 000
Gənclik m.,5 otaqlı,400 m²,4/10 mərtəbə,1 800 000
Gənclik m.,2 otaqlı,91 m²,7/17 mərtəbə,236 000
Gənclik m.,2 otaqlı,60 m²,6/14 mərtəbə,205 000
Gənclik m.,4 otaqlı,84 m²,7/9 mərtəbə,260 000
Nəriman Nərimanov m.,2 otaqlı,60 m²,7/11 mərtəbə,199 000
Gənclik m.,2 otaqlı,60 m²,8/9 mərtəbə,165 000
Gənclik m.,2 otaqlı,65 m²,1/9 mərtəbə,160 000
Gənclik m.,3 otaqlı,139.5 m²,6/17 mərtəbə,490 000
Gənclik m.,3 otaqlı,107 m²,14/14 mərtəbə,247 000
Gənclik m.,4 otaqlı,166.3 m²,15/17 mərtəbə,808 000
Gənclik m.,3 otaqlı,138 m²,14/17 mərtəbə,350 000
Gənclik m.,3 otaqlı,90 m²,4/5 mərtəbə,220 000
Gənclik m.,2 otaqlı,52 m²,4/4 mərtəbə,135 000
Gənclik m.,3 otaqlı,85 m²,6/15 mərtəbə,229 000
Gənclik m.,3 otaqlı,85 m²,9/9 mərtəbə,187 000
Gənclik m.,2 otaqlı,50 m²,4/4 mərtəbə,135 000
Gənclik m.,4 otaqlı,136 m²,13/14 mərtəbə,319 000
Gənclik m.,3 otaqlı,140 m²,6/16 mərtəbə,480 000
Gənclik m.,2 otaqlı,45 m²,4/4 mərtəbə,135 000
Gənclik m.,2 otaqlı,35 m²,5/5 mərtəbə,125 000
Gənclik m.,4 otaqlı,220 m²,11/16 mərtəbə,704 000
Gənclik m.,2 otaqlı,78 m²,11/18 mərtəbə,366 600
Gənclik m.,2 otaqlı,60 m²,7/9 mərtəbə,165 000
Gənclik m.,3 otaqlı,92 m²,8/18 mərtəbə,249 000
Gənclik m.,3 otaqlı,65 m²,4/4 mərtəbə,165 000
Gənclik m.,3 otaqlı,140 m²,13/17 mərtəbə,379 000
Gənclik m.,3 otaqlı,190 m²,5/18 mərtəbə,370 000
Gənclik m.,2 otaqlı,75 m²,4/9 mərtəbə,173 000
Gənclik m.,5 otaqlı,265 m²,4/8 mərtəbə,690 000
Gənclik m.,5 otaqlı,300 m²,7/8 mərtəbə,780 000
Gənclik m.,2 otaqlı,80 m²,2/8 mərtəbə,257 000
Gənclik m.,3 otaqlı,75 m²,3/9 mərtəbə,225 000
Gənclik m.,2 otaqlı,47 m²,9/9 mərtəbə,138 000
Gənclik m.,2 otaqlı,66 m²,6/16 mərtəbə,210 000
Gənclik m.,4 otaqlı,205 m²,15/16 mərtəbə,350 000
Gənclik m.,2 otaqlı,90 m²,16/19 mərtəbə,267 000
Gənclik m.,3 otaqlı,165 m²,13/16 mərtəbə,385 000
Gənclik m.,2 otaqlı,60 m²,8/9 mərtəbə,165 000
Gənclik m.,3 otaqlı,90 m²,7/7 mərtəbə,295 000
Gənclik m.,3 otaqlı,140 m²,14/17 mərtəbə,379 000
Nəriman Nərimanov m.,2 otaqlı,58 m²,11/16 mərtəbə,179 000
Gənclik m.,3 otaqlı,85 m²,6/6 mərtəbə,172 000
Gənclik m.,2 otaqlı,50 m²,1/4 mərtəbə,139 000
Gənclik m.,2 otaqlı,45 m²,3/4 mərtəbə,172 000
Gənclik m.,1 otaqlı,50 m²,9/9 mərtəbə,105 000
Gənclik m.,3 otaqlı,180 m²,6/16 mərtəbə,370 000
Gənclik m.,2 otaqlı,90.4 m²,6/16 mərtəbə,237 000
Gənclik m.,3 otaqlı,140 m²,6/16 mərtəbə,480 000
Gənclik m.,3 otaqlı,115 m²,6/17 mərtəbə,310 000
Gənclik m.,2 otaqlı,65 m²,1/9 mərtəbə,160 000
Gənclik m.,4 otaqlı,202 m²,14/16 mərtəbə,430 000
Gənclik m.,2 otaqlı,67 m²,4/18 mərtəbə,214 000
Nəriman Nərimanov m.,4 otaqlı,50 m²,4/4 mərtəbə,121 500
Gənclik m.,2 otaqlı,113 m²,7/14 mərtəbə,315 000
Gənclik m.,3 otaqlı,70 m²,6/7 mərtəbə,210 000
Gənclik m.,2 otaqlı,35 m²,4/5 mərtəbə,110 000
Gənclik m.,3 otaqlı,116 m²,6/18 mərtəbə,310 000
Gənclik m.,2 otaqlı,63 m²,10/17 mərtəbə,198 000
Gənclik m.,1 otaqlı,35 m²,4/5 mərtəbə,117 000
Nəriman Nərimanov m.,4 otaqlı,201 m²,8/17 mərtəbə,500 000
Gənclik m.,3 otaqlı,140 m²,6/16 mərtəbə,480 000
Gənclik m.,3 otaqlı,65 m²,4/4 mərtəbə,165 000
Nəriman Nərimanov m.,3 otaqlı,140 m²,7/17 mərtəbə,480 000
Gənclik m.,3 otaqlı,140 m²,7/17 mərtəbə,465 000
Gənclik m.,3 otaqlı,103 m²,14/14 mərtəbə,244 800
Gənclik m.,4 otaqlı,155 m²,9/14 mərtəbə,410 000
Gənclik m.,4 otaqlı,166.3 m²,15/17 mərtəbə,808 000
Gənclik m.,2 otaqlı,60 m²,6/16 mərtəbə,175 000
Gənclik m.,3 otaqlı,85 m²,4/9 mərtəbə,215 000
Nəriman Nərimanov m.,3 otaqlı,80 m²,4/5 mərtəbə,198 500
Gənclik m.,3 otaqlı,95 m²,16/20 mərtəbə,243 000
Gənclik m.,2 otaqlı,40 m²,5/5 mərtəbə,125 000
Gənclik m.,3 otaqlı,198 m²,15/16 mərtəbə,460 000
Gənclik m.,3 otaqlı,159 m²,3/18 mərtəbə,254 500
Gənclik m.,3 otaqlı,143 m²,8/12 mərtəbə,329 000
Gənclik m.,3 otaqlı,97.6 m²,6/16 mərtəbə,380 000
Gənclik m.,3 otaqlı,85 m²,14/17 mərtəbə,215 000
Gənclik m.,2 otaqlı,70 m²,17/17 mərtəbə,170 000
Nəriman Nərimanov m.,2 otaqlı,80 m²,1/9 mərtəbə,160 000
Gənclik m.,3 otaqlı,134 m²,11/16 mərtəbə,388 600
Gənclik m.,3 otaqlı,75 m²,6/6 mərtəbə,176 000
Gənclik m.,2 otaqlı,55 m²,3/4 mərtəbə,124 000
Nəriman Nərimanov m.,3 otaqlı,85 m²,2/17 mərtəbə,245 000
Gənclik m.,4 otaqlı,183 m²,15/18 mərtəbə,283 000
Gənclik m.,3 otaqlı,120 m²,4/17 mərtəbə,357 000
Gənclik m.,4 otaqlı,200 m²,6/18 mərtəbə,600 000
Gənclik m.,2 otaqlı,50 m²,4/4 mərtəbə,135 000
Gənclik m.,2 otaqlı,44 m²,4/4 mərtəbə,135 000
Nəriman Nərimanov m.,3 otaqlı,80 m²,15/17 mərtəbə,258 000
Gənclik m.,3 otaqlı,85 m²,4/9 mərtəbə,220 000
Gənclik m.,4 otaqlı,181 m²,11/17 mərtəbə,590 000
Gənclik m.,3 otaqlı,130 m²,15/20 mərtəbə,420 000
Gənclik m.,2 otaqlı,105 m²,3/18 mərtəbə,320 000
Gənclik m.,3 otaqlı,138 m²,14/17 mərtəbə,350 000
Gənclik m.,2 otaqlı,60 m²,8/14 mərtəbə,205 000
Gənclik m.,7 otaqlı,270 m²,16/17 mərtəbə,945 000
Gənclik m.,4 otaqlı,208 m²,7/17 mərtəbə,790 000
Gənclik m.,2 otaqlı,64 m²,14/16 mərtəbə,205 000
Gənclik m.,2 otaqlı,95 m²,14/17 mərtəbə,345 000
Gənclik m.,2 otaqlı,60 m²,4/5 mərtəbə,155 000
Gənclik m.,2 otaqlı,92 m²,14/14 mərtəbə,150 000
Gənclik m.,1 otaqlı,40 m²,5/9 mərtəbə,105 000
Gənclik m.,2 otaqlı,92 m²,9/14 mərtəbə,280 000
Nəriman Nərimanov m.,3 otaqlı,64 m²,5/17 mərtəbə,180 000
Gənclik m.,2 otaqlı,65 m²,9/16 mərtəbə,220 000
Gənclik m.,3 otaqlı,79 m²,14/17 mərtəbə,259 000
Nəriman Nərimanov m.,3 otaqlı,140 m²,6/16 mərtəbə,480 000
Nəriman Nərimanov m.,1 otaqlı,55 m²,15/15 mərtəbə,175 000
Gənclik m.,3 otaqlı,85 m²,4/16 mərtəbə,265 000
Nəriman Nərimanov m.,2 otaqlı,92 m²,11/17 mərtəbə,240 000
Nəriman Nərimanov m.,3 otaqlı,140 m²,6/17 mərtəbə,480 000
Gənclik m.,3 otaqlı,112 m²,6/17 mərtəbə,310 000
Nəriman Nərimanov m.,3 otaqlı,100 m²,4/5 mərtəbə,260 000
Gənclik m.,3 otaqlı,140 m²,5/16 mərtəbə,480 000
Nəriman Nərimanov m.,4 otaqlı,190 m²,15/16 mərtəbə,299 000
Gənclik m.,2 otaqlı,55 m²,4/4 mərtəbə,135 000
Gənclik m.,3 otaqlı,140 m²,8/12 mərtəbə,330 000
Gənclik m.,2 otaqlı,57 m²,5/16 mərtəbə,170 000
Gənclik m.,3 otaqlı,105 m²,5/6 mərtəbə,275 000
Gənclik m.,2 otaqlı,80 m²,2/8 mərtəbə,285 000
Gənclik m.,3 otaqlı,140 m²,6/16 mərtəbə,480 000
Neftçilər m.,2 otaqlı,46 m²,2/5 mərtəbə,114 000
Qara Qarayev m.,2 otaqlı,75 m²,14/16 mərtəbə,195 000
Qara Qarayev m.,2 otaqlı,62 m²,3/5 mərtəbə,155 000
Qara Qarayev m.,3 otaqlı,78 m²,13/17 mərtəbə,205 000
Qara Qarayev m.,2 otaqlı,70 m²,4/16 mərtəbə,158 000
Qara Qarayev m.,2 otaqlı,83 m²,7/17 mərtəbə,172 000
Qara Qarayev m.,2 otaqlı,70 m²,8/17 mərtəbə,175 000
Qara Qarayev m.,2 otaqlı,70 m²,8/16 mərtəbə,175 000
Qara Qarayev m.,2 otaqlı,60 m²,3/12 mərtəbə,162 000
Qara Qarayev m.,3 otaqlı,137 m²,14/14 mərtəbə,326 000
Qara Qarayev m.,2 otaqlı,62 m²,8/16 mərtəbə,165 000
Qara Qarayev m.,1 otaqlı,37 m²,14/16 mərtəbə,86 000
Qara Qarayev m.,2 otaqlı,69 m²,4/16 mərtəbə,158 000
Neftçilər m.,2 otaqlı,70 m²,7/16 mərtəbə,164 000
Qara Qarayev m.,3 otaqlı,120 m²,3/17 mərtəbə,250 700
Qara Qarayev m.,2 otaqlı,70 m²,8/17 mərtəbə,175 000
Qara Qarayev m.,2 otaqlı,62 m²,3/5 mərtəbə,155 000
Qara Qarayev m.,2 otaqlı,58 m²,12/17 mərtəbə,167 000
Qara Qarayev m.,2 otaqlı,70 m²,8/17 mərtəbə,175 000
Qara Qarayev m.,4 otaqlı,150 m²,5/14 mərtəbə,233 000
Qara Qarayev m.,3 otaqlı,150 m²,5/16 mərtəbə,245 000
Qara Qarayev m.,3 otaqlı,105 m²,9/16 mərtəbə,275 000
Qara Qarayev m.,3 otaqlı,137 m²,13/14 mərtəbə,328 000
Qara Qarayev m.,2 otaqlı,55 m²,2/14 mərtəbə,115 000
Qara Qarayev m.,3 otaqlı,110 m²,20/21 mərtəbə,261 000
Qara Qarayev m.,3 otaqlı,160 m²,4/15 mərtəbə,250 000
Qara Qarayev m.,3 otaqlı,113 m²,12/13 mərtəbə,285 000
Qara Qarayev m.,3 otaqlı,98 m²,3/17 mərtəbə,230 000
Qara Qarayev m.,2 otaqlı,108 m²,9/16 mərtəbə,200 000
Neftçilər m.,3 otaqlı,135 m²,12/17 mərtəbə,359 000
Qara Qarayev m.,2 otaqlı,53 m²,6/16 mərtəbə,137 000
Qara Qarayev m.,2 otaqlı,70 m²,8/17 mərtəbə,175 000
Qara Qarayev m.,3 otaqlı,135 m²,8/16 mərtəbə,315 000
Qara Qarayev m.,3 otaqlı,100 m²,10/16 mərtəbə,188 000
Qara Qarayev m.,3 otaqlı,160 m²,2/16 mərtəbə,318 000
Qara Qarayev m.,3 otaqlı,115 m²,3/14 mərtəbə,227 000
Qara Qarayev m.,3 otaqlı,120 m²,14/17 mərtəbə,300 000
Neftçilər m.,3 otaqlı,87 m²,11/16 mərtəbə,215 000
Qara Qarayev m.,2 otaqlı,55 m²,4/5 mərtəbə,122 000
Qara Qarayev m.,2 otaqlı,108.4 m²,9/16 mərtəbə,200 000
Qara Qarayev m.,1 otaqlı,37 m²,14/16 mərtəbə,86 000
Qara Qarayev m.,3 otaqlı,137 m²,4/16 mərtəbə,325 000
Qara Qarayev m.,1 otaqlı,39 m²,15/16 mərtəbə,92 000
Qara Qarayev m.,3 otaqlı,77 m²,14/16 mərtəbə,205 000
Qara Qarayev m.,2 otaqlı,78 m²,14/16 mərtəbə,195 000
Qara Qarayev m.,2 otaqlı,64 m²,8/16 mərtəbə,165 000
Qara Qarayev m.,2 otaqlı,70 m²,8/16 mərtəbə,175 000
Qara Qarayev m.,3 otaqlı,120 m²,15/17 mərtəbə,300 000
Qara Qarayev m.,2 otaqlı,60 m²,11/16 mərtəbə,164 000
Qara Qarayev m.,4 otaqlı,123 m²,4/16 mərtəbə,275 000
Qara Qarayev m.,1 otaqlı,46 m²,12/16 mərtəbə,111 500
Qara Qarayev m.,3 otaqlı,70 m²,2/5 mərtəbə,165 000
Qara Qarayev m.,3 otaqlı,127 m²,15/16 mərtəbə,245 000
Qara Qarayev m.,3 otaqlı,127.4 m²,11/16 mərtəbə,253 000
Qara Qarayev m.,1 otaqlı,46 m²,12/16 mərtəbə,111 500
Qara Qarayev m.,4 otaqlı,123 m²,5/16 mərtəbə,275 000
Neftçilər m.,2 otaqlı,70 m²,7/16 mərtəbə,164 000
Qara Qarayev m.,3 otaqlı,110 m²,4/17 mərtəbə,240 000
Qara Qarayev m.,3 otaqlı,137 m²,14/14 mərtəbə,326 000
Qara Qarayev m.,2 otaqlı,62 m²,3/5 mərtəbə,155 000
Qara Qarayev m.,3 otaqlı,137 m²,4/16 mərtəbə,325 000
Neftçilər m.,3 otaqlı,76 m²,2/5 mərtəbə,165 000
Qara Qarayev m.,1 otaqlı,40 m²,2/5 mərtəbə,116 000
Qara Qarayev m.,4 otaqlı,143 m²,9/16 mərtəbə,330 000
Qara Qarayev m.,2 otaqlı,90 m²,8/16 mərtəbə,189 000
Qara Qarayev m.,2 otaqlı,85 m²,4/14 mərtəbə,225 000
Qara Qarayev m.,3 otaqlı,80 m²,12/17 mərtəbə,205 000
Qara Qarayev m.,2 otaqlı,60 m²,6/14 mərtəbə,162 000
Qara Qarayev m.,2 otaqlı,80 m²,14/16 mərtəbə,195 000
Qara Qarayev m.,2 otaqlı,60 m²,10/14 mərtəbə,167 000
Qara Qarayev m.,3 otaqlı,125 m²,6/14 mərtəbə,270 000
Qara Qarayev m.,3 otaqlı,88 m²,11/16 mərtəbə,185 000
Qara Qarayev m.,2 otaqlı,90 m²,8/17 mərtəbə,189 000
Qara Qarayev m.,2 otaqlı,60 m²,16/16 mərtəbə,156 000
Qara Qarayev m.,2 otaqlı,53 m²,6/16 mərtəbə,137 000
Qara Qarayev m.,1 otaqlı,35 m²,5/5 mərtəbə,82 000
Qara Qarayev m.,3 otaqlı,90 m²,4/4 mərtəbə,195 000
Qara Qarayev m.,2 otaqlı,60 m²,10/16 mərtəbə,164 000
Neftçilər m.,2 otaqlı,55 m²,1/5 mərtəbə,120 000
Qara Qarayev m.,2 otaqlı,80 m²,14/17 mərtəbə,195 000
Qara Qarayev m.,3 otaqlı,78 m²,12/17 mərtəbə,205 000
Qara Qarayev m.,2 otaqlı,90 m²,8/17 mərtəbə,189 000
Qara Qarayev m.,3 otaqlı,120 m²,14/17 mərtəbə,300 000
Qara Qarayev m.,3 otaqlı,65 m²,2/5 mərtəbə,165 000
Qara Qarayev m.,3 otaqlı,110 m²,4/17 mərtəbə,240 000
Neftçilər m.,3 otaqlı,130 m²,2/17 mərtəbə,245 000
Qara Qarayev m.,2 otaqlı,70 m²,8/17 mərtəbə,175 000
Neftçilər m.,2 otaqlı,70 m²,7/16 mərtəbə,164 000
Qara Qarayev m.,3 otaqlı,125 m²,10/18 mərtəbə,350 000
Qara Qarayev m.,3 otaqlı,70 m²,2/5 mərtəbə,165 000
Qara Qarayev m.,2 otaqlı,60 m²,16/17 mərtəbə,156 000
Qara Qarayev m.,3 otaqlı,125 m²,10/17 mərtəbə,350 000
Qara Qarayev m.,3 otaqlı,125 m²,10/17 mərtəbə,350 000
Qara Qarayev m.,2 otaqlı,85 m²,3/14 mərtəbə,225 000
Qara Qarayev m.,4 otaqlı,100 m²,3/5 mərtəbə,250 000
Qara Qarayev m.,2 otaqlı,75 m²,14/16 mərtəbə,195 000
Qara Qarayev m.,2 otaqlı,70 m²,16/19 mərtəbə,190 000
Qara Qarayev m.,1 otaqlı,55 m²,2/14 mərtəbə,115 000
Qara Qarayev m.,2 otaqlı,90 m²,8/17 mərtəbə,189 000
Qara Qarayev m.,3 otaqlı,115 m²,12/14 mərtəbə,280 000
Qara Qarayev m.,1 otaqlı,55 m²,2/14 mərtəbə,115 000
Qara Qarayev m.,3 otaqlı,135 m²,5/18 mərtəbə,335 000
Qara Qarayev m.,3 otaqlı,85 m²,4/5 mərtəbə,172 000
Qara Qarayev m.,2 otaqlı,73 m²,2/16 mərtəbə,173 000
Neftçilər m.,3 otaqlı,106 m²,9/15 mərtəbə,245 000
Qara Qarayev m.,2 otaqlı,60 m²,11/16 mərtəbə,162 000
Qara Qarayev m.,3 otaqlı,95 m²,8/15 mərtəbə,248 000
Qara Qarayev m.,3 otaqlı,103 m²,11/16 mərtəbə,215 000
Qara Qarayev m.,2 otaqlı,85 m²,3/16 mərtəbə,225 000
Qara Qarayev m.,1 otaqlı,55 m²,2/14 mərtəbə,115 000
Qara Qarayev m.,3 otaqlı,104 m²,16/17 mərtəbə,195 000
Qara Qarayev m.,2 otaqlı,70 m²,8/16 mərtəbə,175 000
Neftçilər m.,3 otaqlı,135 m²,12/17 mərtəbə,359 000
Qara Qarayev m.,2 otaqlı,58 m²,12/17 mərtəbə,167 000
Qara Qarayev m.,4 otaqlı,186 m²,17/19 mərtəbə,550 000
Qara Qarayev m.,2 otaqlı,108 m²,9/16 mərtəbə,200 000
Qara Qarayev m.,3 otaqlı,158 m²,12/17 mərtəbə,308 000
Qara Qarayev m.,3 otaqlı,110 m²,4/17 mərtəbə,265 000
Qara Qarayev m.,4 otaqlı,178 m²,11/17 mərtəbə,375 000
Qara Qarayev m.,2 otaqlı,60 m²,11/16 mərtəbə,164 000
Qara Qarayev m.,4 otaqlı,123 m²,4/16 mərtəbə,275 000
Neftçilər m.,3 otaqlı,130 m²,2/17 mərtəbə,245 000
Qara Qarayev m.,3 otaqlı,78 m²,14/16 mərtəbə,205 000
Qara Qarayev m.,2 otaqlı,85 m²,3/17 mərtəbə,225 000
Qara Qarayev m.,3 otaqlı,120 m²,15/17 mərtəbə,300 000
Qara Qarayev m.,4 otaqlı,186 m²,17/19 mərtəbə,550 000
Qara Qarayev m.,3 otaqlı,125 m²,14/17 mərtəbə,299 000
Qara Qarayev m.,2 otaqlı,65 m²,2/17 mərtəbə,165 000
Qara Qarayev m.,1 otaqlı,32 m²,3/5 mərtəbə,92 000
Qara Qarayev m.,2 otaqlı,52 m²,10/14 mərtəbə,160 000
Neftçilər m.,2 otaqlı,72 m²,3/17 mərtəbə,157 000
Qara Qarayev m.,2 otaqlı,52 m²,5/16 mərtəbə,147 000
Qara Qarayev m.,2 otaqlı,68 m²,3/16 mərtəbə,168 000
Qara Qarayev m.,2 otaqlı,68 m²,8/17 mərtəbə,175 000
Qara Qarayev m.,2 otaqlı,75 m²,14/16 mərtəbə,195 000
Qara Qarayev m.,3 otaqlı,78 m²,13/17 mərtəbə,205 000
Qara Qarayev m.,3 otaqlı,70 m²,3/5 mərtəbə,145 000
Neftçilər m.,2 otaqlı,75 m²,7/16 mərtəbə,164 000
Qara Qarayev m.,2 otaqlı,75 m²,6/17 mərtəbə,175 000
Qara Qarayev m.,2 otaqlı,65 m²,7/9 mərtəbə,142 000
Qara Qarayev m.,3 otaqlı,85 m²,4/5 mərtəbə,169 000
Qara Qarayev m.,2 otaqlı,70 m²,8/17 mərtəbə,175 000
Qara Qarayev m.,2 otaqlı,53 m²,6/16 mərtəbə,137 000
Neftçilər m.,3 otaqlı,130 m²,2/17 mərtəbə,245 000
Neftçilər m.,2 otaqlı,40 m²,4/5 mərtəbə,92 900
Qara Qarayev m.,3 otaqlı,127 m²,15/16 mərtəbə,268 000
Qara Qarayev m.,1 otaqlı,40 m²,4/9 mərtəbə,103 000
Qara Qarayev m.,1 otaqlı,32 m²,3/5 mərtəbə,92 000
Qara Qarayev m.,1 otaqlı,38 m²,3/5 mərtəbə,100 000
Qara Qarayev m.,1 otaqlı,38.5 m²,14/16 mərtəbə,88 500
Qara Qarayev m.,2 otaqlı,97 m²,4/16 mərtəbə,200 000
Qara Qarayev m.,2 otaqlı,52 m²,9/17 mərtəbə,140 000
Qara Qarayev m.,2 otaqlı,48 m²,7/9 mərtəbə,145 000
Qara Qarayev m.,4 otaqlı,135 m²,2/14 mərtəbə,240 000
Qara Qarayev m.,1 otaqlı,37 m²,2/5 mərtəbə,116 000
Qara Qarayev m.,3 otaqlı,135 m²,9/17 mərtəbə,270 000
Qara Qarayev m.,2 otaqlı,85 m²,4/17 mərtəbə,225 000
Qara Qarayev m.,2 otaqlı,100 m²,10/18 mərtəbə,216 000
Neftçilər m.,3 otaqlı,48 m²,2/5 mərtəbə,114 000
Qara Qarayev m.,3 otaqlı,95 m²,14/17 mərtəbə,194 000
Qara Qarayev m.,2 otaqlı,62 m²,13/16 mərtəbə,150 000
Qara Qarayev m.,2 otaqlı,70 m²,6/14 mərtəbə,165 000
Qara Qarayev m.,2 otaqlı,64 m²,12/17 mərtəbə,155 000
Qara Qarayev m.,2 otaqlı,64 m²,12/17 mərtəbə,160 000
Qara Qarayev m.,3 otaqlı,85 m²,4/5 mərtəbə,169 000
Qara Qarayev m.,4 otaqlı,95 m²,5/5 mərtəbə,189 000
Qara Qarayev m.,3 otaqlı,120 m²,14/16 mərtəbə,262 000
Neftçilər m.,3 otaqlı,135 m²,12/17 mərtəbə,359 000
Qara Qarayev m.,2 otaqlı,62 m²,3/5 mərtəbə,155 000
Neftçilər m.,2 otaqlı,61.5 m²,16/17 mərtəbə,113 775
Qara Qarayev m.,4 otaqlı,186 m²,17/19 mərtəbə,550 000
Neftçilər m.,2 otaqlı,89.8 m²,15/17 mərtəbə,162 000
Qara Qarayev m.,2 otaqlı,35 m²,2/5 mərtəbə,116 000
Qara Qarayev m.,3 otaqlı,78 m²,14/17 mərtəbə,188 000
Qara Qarayev m.,3 otaqlı,145 m²,12/17 mərtəbə,329 000
Qara Qarayev m.,4 otaqlı,135 m²,15/18 mərtəbə,318 000
Neftçilər m.,2 otaqlı,75 m²,7/16 mərtəbə,183 500
Qara Qarayev m.,3 otaqlı,85 m²,6/9 mərtəbə,160 000
Qara Qarayev m.,4 otaqlı,179 m²,3/16 mərtəbə,340 000
Qara Qarayev m.,3 otaqlı,125 m²,10/18 mərtəbə,350 000
Qara Qarayev m.,3 otaqlı,120 m²,14/16 mərtəbə,262 000
Qara Qarayev m.,2 otaqlı,109 m²,11/17 mərtəbə,200 000
Qara Qarayev m.,3 otaqlı,83 m²,6/9 mərtəbə,163 000
Qara Qarayev m.,2 otaqlı,70 m²,16/19 mərtəbə,190 000
Qara Qarayev m.,2 otaqlı,109 m²,9/16 mərtəbə,200 000
Qara Qarayev m.,2 otaqlı,65 m²,12/17 mərtəbə,160 000
Qara Qarayev m.,4 otaqlı,160 m²,4/16 mərtəbə,260 000
Neftçilər m.,2 otaqlı,46 m²,2/5 mərtəbə,114 000
Qara Qarayev m.,2 otaqlı,60 m²,10/14 mərtəbə,167 000
Qara Qarayev m.,2 otaqlı,90 m²,15/18 mərtəbə,210 000
Qara Qarayev m.,3 otaqlı,135 m²,6/17 mərtəbə,315 000
Qara Qarayev m.,2 otaqlı,105 m²,3/16 mərtəbə,239 000
Qara Qarayev m.,1 otaqlı,32 m²,2/5 mərtəbə,116 000
Qara Qarayev m.,2 otaqlı,55 m²,5/16 mərtəbə,145 000
Qara Qarayev m.,1 otaqlı,30 m²,5/5 mərtəbə,87 000
Qara Qarayev m.,2 otaqlı,68 m²,9/20 mərtəbə,192 000
Neftçilər m.,2 otaqlı,61.5 m²,16/17 mərtəbə,113 775
Neftçilər m.,2 otaqlı,70 m²,7/16 mərtəbə,164 000
Qara Qarayev m.,2 otaqlı,108 m²,9/16 mərtəbə,200 000
Qara Qarayev m.,2 otaqlı,75 m²,14/16 mərtəbə,195 000
Neftçilər m.,2 otaqlı,61.5 m²,16/17 mərtəbə,113 775
Qara Qarayev m.,2 otaqlı,57 m²,12/17 mərtəbə,155 000
Qara Qarayev m.,2 otaqlı,72 m²,2/16 mərtəbə,175 000
Neftçilər m.,2 otaqlı,89.8 m²,15/17 mərtəbə,162 000
Qara Qarayev m.,4 otaqlı,145 m²,9/16 mərtəbə,325 000
Qara Qarayev m.,1 otaqlı,35 m²,2/5 mərtəbə,117 000
Qara Qarayev m.,3 otaqlı,120 m²,15/17 mərtəbə,300 000
Qara Qarayev m.,4 otaqlı,142 m²,9/17 mərtəbə,325 000
Qara Qarayev m.,2 otaqlı,70 m²,3/17 mərtəbə,158 000
Qara Qarayev m.,3 otaqlı,107 m²,16/17 mərtəbə,197 000
Qara Qarayev m.,3 otaqlı,110 m²,4/17 mərtəbə,240 000
Qara Qarayev m.,3 otaqlı,109 m²,4/17 mərtəbə,240 000
Neftçilər m.,3 otaqlı,79 m²,6/6 mərtəbə,104 280
Qara Qarayev m.,3 otaqlı,110 m²,17/17 mərtəbə,240 000
Qara Qarayev m.,2 otaqlı,108.4 m²,9/16 mərtəbə,204 500
Qara Qarayev m.,2 otaqlı,91 m²,10/18 mərtəbə,216 000
Qara Qarayev m.,2 otaqlı,64 m²,12/17 mərtəbə,160 000
Qara Qarayev m.,4 otaqlı,165 m²,4/16 mərtəbə,255 000
Qara Qarayev m.,3 otaqlı,115 m²,3/14 mərtəbə,227 000
Qara Qarayev m.,2 otaqlı,60 m²,4/5 mərtəbə,130 500
Qara Qarayev m.,4 otaqlı,160 m²,13/16 mərtəbə,320 000
Qara Qarayev m.,4 otaqlı,160 m²,8/17 mərtəbə,355 000
Qara Qarayev m.,3 otaqlı,108 m²,9/17 mərtəbə,270 000
Qara Qarayev m.,3 otaqlı,110 m²,20/20 mərtəbə,261 000
Qara Qarayev m.,3 otaqlı,85 m²,4/5 mərtəbə,169 000
Qara Qarayev m.,3 otaqlı,125 m²,6/14 mərtəbə,270 000
Neftçilər m.,3 otaqlı,130 m²,2/17 mərtəbə,245 000
Qara Qarayev m.,4 otaqlı,186 m²,17/19 mərtəbə,550 000
Qara Qarayev m.,2 otaqlı,108 m²,9/16 mərtəbə,200 000
Qara Qarayev m.,3 otaqlı,92 m²,7/14 mərtəbə,210 000
Qara Qarayev m.,3 otaqlı,118 m²,15/17 mərtəbə,273 000
Qara Qarayev m.,3 otaqlı,136 m²,10/17 mərtəbə,305 000
Qara Qarayev m.,3 otaqlı,130 m²,15/17 mərtəbə,293 000
Qara Qarayev m.,2 otaqlı,85 m²,4/14 mərtəbə,225 000
Qara Qarayev m.,3 otaqlı,102.7 m²,6/17 mərtəbə,234 000
Qara Qarayev m.,2 otaqlı,70 m²,16/17 mərtəbə,170 000
Qara Qarayev m.,3 otaqlı,120 m²,2/16 mərtəbə,290 000
Qara Qarayev m.,3 otaqlı,160 m²,4/14 mərtəbə,240 000
Qara Qarayev m.,2 otaqlı,70 m²,8/17 mərtəbə,175 000
Qara Qarayev m.,3 otaqlı,160 m²,2/16 mərtəbə,318 000
Qara Qarayev m.,4 otaqlı,105 m²,4/18 mərtəbə,330 000
Qara Qarayev m.,3 otaqlı,110 m²,7/16 mərtəbə,235 000
Qara Qarayev m.,2 otaqlı,59 m²,10/16 mərtəbə,146 000
Qara Qarayev m.,3 otaqlı,130 m²,8/17 mərtəbə,335 000
Qara Qarayev m.,3 otaqlı,115 m²,12/17 mərtəbə,317 000
Qara Qarayev m.,2 otaqlı,70 m²,8/17 mərtəbə,175 000
Neftçilər m.,2 otaqlı,83 m²,6/16 mərtəbə,135 000
Qara Qarayev m.,2 otaqlı,85 m²,7/16 mərtəbə,170 000
Qara Qarayev m.,1 otaqlı,31 m²,3/5 mərtəbə,92 000
Qara Qarayev m.,2 otaqlı,55 m²,2/16 mərtəbə,137 000
Qara Qarayev m.,3 otaqlı,60 m²,13/13 mərtəbə,138 000
Qara Qarayev m.,5 otaqlı,181 m²,13/17 mərtəbə,289 000
Qara Qarayev m.,2 otaqlı,53 m²,6/16 mərtəbə,137 000
Qara Qarayev m.,2 otaqlı,108 m²,9/16 mərtəbə,200 000
Qara Qarayev m.,2 otaqlı,70 m²,8/17 mərtəbə,175 000
Neftçilər m.,2 otaqlı,61.5 m²,16/17 mərtəbə,113 775
Qara Qarayev m.,3 otaqlı,85 m²,4/5 mərtəbə,169 000
Qara Qarayev m.,4 otaqlı,165 m²,4/16 mərtəbə,255 000
Qara Qarayev m.,3 otaqlı,95 m²,10/18 mərtəbə,216 000
Qara Qarayev m.,3 otaqlı,110 m²,10/16 mərtəbə,263 000
Neftçilər m.,3 otaqlı,70 m²,3/5 mərtəbə,160 000
Qara Qarayev m.,2 otaqlı,106 m²,16/18 mərtəbə,249 100
Qara Qarayev m.,3 otaqlı,118 m²,15/17 mərtəbə,247 000
Neftçilər m.,2 otaqlı,47 m²,1/5 mərtəbə,120 000
Qara Qarayev m.,2 otaqlı,83 m²,7/17 mərtəbə,172 000
Qara Qarayev m.,3 otaqlı,90 m²,3/5 mərtəbə,220 000
Qara Qarayev m.,3 otaqlı,114 m²,4/14 mərtəbə,224 000
Qara Qarayev m.,2 otaqlı,75 m²,10/18 mərtəbə,180 000
Qara Qarayev m.,3 otaqlı,85 m²,4/4 mərtəbə,190 000
Qara Qarayev m.,3 otaqlı,115 m²,4/17 mərtəbə,238 000
Qara Qarayev m.,2 otaqlı,55 m²,5/15 mərtəbə,147 000
Qara Qarayev m.,3 otaqlı,125 m²,10/17 mərtəbə,280 000
Qara Qarayev m.,3 otaqlı,94 m²,8/16 mərtəbə,205 000
Qara Qarayev m.,4 otaqlı,146 m²,2/17 mərtəbə,290 000
Qara Qarayev m.,3 otaqlı,110 m²,4/17 mərtəbə,265 000
Qara Qarayev m.,3 otaqlı,117 m²,15/17 mərtəbə,273 000
Neftçilər m.,2 otaqlı,72.2 m²,5/17 mərtəbə,190 000
Neftçilər m.,2 otaqlı,94 m²,11/12 mərtəbə,185 000
Qara Qarayev m.,2 otaqlı,63 m²,14/14 mərtəbə,165 000
Qara Qarayev m.,2 otaqlı,55 m²,9/16 mərtəbə,129 000
Neftçilər m.,2 otaqlı,89.8 m²,15/17 mərtəbə,162 000
Neftçilər m.,2 otaqlı,52 m²,9/11 mərtəbə,133 000
Neftçilər m.,3 otaqlı,70 m²,5/5 mərtəbə,139 000
Qara Qarayev m.,3 otaqlı,110 m²,4/17 mərtəbə,240 000
Qara Qarayev m.,2 otaqlı,70 m²,8/16 mərtəbə,175 000
Qara Qarayev m.,2 otaqlı,69 m²,4/16 mərtəbə,158 000
Neftçilər m.,2 otaqlı,70 m²,7/16 mərtəbə,164 000
Neftçilər m.,3 otaqlı,82 m²,4/5 mərtəbə,138 000
Qara Qarayev m.,2 otaqlı,70 m²,8/17 mərtəbə,175 000
Qara Qarayev m.,3 otaqlı,137 m²,13/14 mərtəbə,328 000
Neftçilər m.,2 otaqlı,70 m²,7/16 mərtəbə,164 800
Qara Qarayev m.,3 otaqlı,113 m²,12/13 mərtəbə,285 000
Neftçilər m.,3 otaqlı,148 m²,2/18 mərtəbə,355 000
Neftçilər m.,2 otaqlı,70 m²,7/16 mərtəbə,164 800
Neftçilər m.,2 otaqlı,52 m²,5/14 mərtəbə,137 000
Neftçilər m.,3 otaqlı,120 m²,10/16 mərtəbə,210 000
Neftçilər m.,3 otaqlı,133 m²,15/17 mərtəbə,255 000
Neftçilər m.,3 otaqlı,102 m²,6/16 mərtəbə,245 000
Neftçilər m.,3 otaqlı,80 m²,8/9 mərtəbə,189 000
Qara Qarayev m.,3 otaqlı,98 m²,3/17 mərtəbə,230 000
Neftçilər m.,3 otaqlı,117 m²,8/16 mərtəbə,268 000
Neftçilər m.,2 otaqlı,54 m²,4/16 mərtəbə,138 000
Neftçilər m.,3 otaqlı,87 m²,11/16 mərtəbə,215 000
Qara Qarayev m.,3 otaqlı,137 m²,4/16 mərtəbə,325 000
Qara Qarayev m.,3 otaqlı,120 m²,15/17 mərtəbə,300 000
Qara Qarayev m.,2 otaqlı,60 m²,11/16 mərtəbə,164 000
Qara Qarayev m.,4 otaqlı,123 m²,4/16 mərtəbə,275 000
Qara Qarayev m.,3 otaqlı,70 m²,2/5 mərtəbə,165 000
Neftçilər m.,3 otaqlı,135 m²,10/16 mərtəbə,305 000
Neftçilər m.,3 otaqlı,119 m²,8/18 mərtəbə,272 000
Neftçilər m.,3 otaqlı,130 m²,2/17 mərtəbə,245 000
Xalqlar Dostluğu m.,4 otaqlı,142 m²,19/20 mərtəbə,239 000
Neftçilər m.,3 otaqlı,68 m²,3/5 mərtəbə,180 000
Neftçilər m.,3 otaqlı,76 m²,2/5 mərtəbə,165 000
Neftçilər m.,3 otaqlı,113 m²,12/16 mərtəbə,275 000
Neftçilər m.,2 otaqlı,64 m²,15/17 mərtəbə,165 000
Neftçilər m.,3 otaqlı,135 m²,12/14 mərtəbə,328 000
Qara Qarayev m.,2 otaqlı,53 m²,6/16 mərtəbə,137 000
Neftçilər m.,2 otaqlı,63 m²,11/14 mərtəbə,152 000
Neftçilər m.,2 otaqlı,55 m²,1/5 mərtəbə,120 000
Qara Qarayev m.,3 otaqlı,70 m²,2/5 mərtəbə,165 000
Neftçilər m.,3 otaqlı,90 m²,16/17 mərtəbə,230 000
Qara Qarayev m.,3 otaqlı,115 m²,12/14 mərtəbə,280 000
Qara Qarayev m.,1 otaqlı,55 m²,2/14 mərtəbə,115 000
Neftçilər m.,3 otaqlı,106 m²,9/15 mərtəbə,245 000
Qara Qarayev m.,2 otaqlı,85 m²,3/16 mərtəbə,225 000
Neftçilər m.,3 otaqlı,70 m²,5/5 mərtəbə,139 000
Qara Qarayev m.,4 otaqlı,123 m²,4/16 mərtəbə,275 000
Neftçilər m.,3 otaqlı,130 m²,2/17 mərtəbə,245 000
Qara Qarayev m.,3 otaqlı,78 m²,14/16 mərtəbə,205 000
Qara Qarayev m.,2 otaqlı,85 m²,3/17 mərtəbə,225 000
Neftçilər m.,3 otaqlı,136 m²,11/17 mərtəbə,360 000
Qara Qarayev m.,4 otaqlı,186 m²,17/19 mərtəbə,550 000
Neftçilər m.,2 otaqlı,72 m²,3/17 mərtəbə,157 000
Neftçilər m.,2 otaqlı,75 m²,7/16 mərtəbə,164 000
Neftçilər m.,3 otaqlı,135 m²,10/16 mərtəbə,305 000
Qara Qarayev m.,2 otaqlı,53 m²,6/16 mərtəbə,137 000
Neftçilər m.,2 otaqlı,61.5 m²,16/17 mərtəbə,113 775
Qara Qarayev m.,2 otaqlı,70 m²,8/17 mərtəbə,175 000
Qara Qarayev m.,3 otaqlı,110 m²,4/17 mərtəbə,240 000
Neftçilər m.,2 otaqlı,40 m²,4/5 mərtəbə,92 900
Qara Qarayev m.,3 otaqlı,127 m²,15/16 mərtəbə,268 000
Neftçilər m.,2 otaqlı,62.5 m²,3/17 mərtəbə,147 000
Neftçilər m.,2 otaqlı,70 m²,19/19 mərtəbə,159 000
Neftçilər m.,2 otaqlı,60 m²,5/5 mərtəbə,107 900
Neftçilər m.,3 otaqlı,65 m²,2/5 mərtəbə,150 000
Neftçilər m.,3 otaqlı,50 m²,2/5 mərtəbə,113 900
Neftçilər m.,2 otaqlı,72 m²,3/17 mərtəbə,157 000
Neftçilər m.,2 otaqlı,72 m²,3/11 mərtəbə,172 000
Neftçilər m.,3 otaqlı,135 m²,11/13 mərtəbə,295 000
Neftçilər m.,2 otaqlı,62 m²,11/14 mərtəbə,155 000
Neftçilər m.,2 otaqlı,67 m²,15/17 mərtəbə,165 000
Qara Qarayev m.,3 otaqlı,135 m²,9/17 mərtəbə,270 000
Neftçilər m.,2 otaqlı,70 m²,7/16 mərtəbə,164 800
Qara Qarayev m.,2 otaqlı,85 m²,4/17 mərtəbə,225 000
Qara Qarayev m.,2 otaqlı,100 m²,10/18 mərtəbə,216 000
Neftçilər m.,3 otaqlı,48 m²,2/5 mərtəbə,114 000
Neftçilər m.,3 otaqlı,124 m²,11/12 mərtəbə,295 000
Xalqlar Dostluğu m.,4 otaqlı,90 m²,4/5 mərtəbə,175 000
Qara Qarayev m.,2 otaqlı,70 m²,6/14 mərtəbə,165 000
Qara Qarayev m.,2 otaqlı,64 m²,12/17 mərtəbə,155 000
Neftçilər m.,2 otaqlı,45 m²,2/9 mərtəbə,115 000
Neftçilər m.,3 otaqlı,70 m²,14/17 mərtəbə,175 000
Neftçilər m.,2 otaqlı,70 m²,15/16 mərtəbə,183 000
Neftçilər m.,3 otaqlı,130 m²,2/17 mərtəbə,245 000
Neftçilər m.,2 otaqlı,81.3 m²,14/17 mərtəbə,150 405
Qara Qarayev m.,3 otaqlı,110 m²,4/17 mərtəbə,240 000
Neftçilər m.,3 otaqlı,135 m²,10/16 mərtəbə,305 000
Qara Qarayev m.,3 otaqlı,120 m²,14/16 mərtəbə,262 000
Neftçilər m.,3 otaqlı,135 m²,12/17 mərtəbə,359 000
Xalqlar Dostluğu m.,4 otaqlı,142 m²,19/20 mərtəbə,239 000
Neftçilər m.,2 otaqlı,70 m²,7/16 mərtəbə,164 000
Neftçilər m.,2 otaqlı,60 m²,9/9 mərtəbə,129 000
Qara Qarayev m.,3 otaqlı,145 m²,12/17 mərtəbə,329 000
Neftçilər m.,3 otaqlı,60 m²,1/5 mərtəbə,119 000
Neftçilər m.,3 otaqlı,75 m²,2/9 mərtəbə,150 000
Neftçilər m.,2 otaqlı,102 m²,16/17 mərtəbə,183 000
Neftçilər m.,2 otaqlı,75 m²,7/16 mərtəbə,183 500
Xalqlar Dostluğu m.,2 otaqlı,95 m²,13/19 mərtəbə,175 000
Neftçilər m.,3 otaqlı,90 m²,15/19 mərtəbə,195 000
Neftçilər m.,3 otaqlı,106 m²,12/16 mərtəbə,190 000
Neftçilər m.,2 otaqlı,70 m²,19/19 mərtəbə,159 000
Neftçilər m.,3 otaqlı,95 m²,7/19 mərtəbə,204 500
Neftçilər m.,2 otaqlı,70 m²,9/19 mərtəbə,158 000
Neftçilər m.,1 otaqlı,42 m²,4/5 mərtəbə,89 500
Neftçilər m.,2 otaqlı,70 m²,7/17 mərtəbə,164 500
Neftçilər m.,3 otaqlı,60 m²,2/5 mərtəbə,129 000
Neftçilər m.,2 otaqlı,95 m²,15/19 mərtəbə,194 500
Neftçilər m.,3 otaqlı,133 m²,15/17 mərtəbə,255 000
Qara Qarayev m.,3 otaqlı,83 m²,6/9 mərtəbə,163 000
Neftçilər m.,3 otaqlı,95 m²,7/19 mərtəbə,204 500
Neftçilər m.,3 otaqlı,88 m²,11/14 mərtəbə,215 000
Qara Qarayev m.,2 otaqlı,53 m²,6/16 mərtəbə,137 000
Neftçilər m.,3 otaqlı,138.4 m²,15/17 mərtəbə,235 280
Qara Qarayev m.,2 otaqlı,108 m²,9/16 mərtəbə,200 000
Qara Qarayev m.,2 otaqlı,70 m²,8/17 mərtəbə,175 000
Neftçilər m.,2 otaqlı,60 m²,5/5 mərtəbə,125 000
Neftçilər m.,1 otaqlı,42 m²,5/5 mərtəbə,92 500
Qara Qarayev m.,2 otaqlı,109 m²,9/16 mərtəbə,200 000
Neftçilər m.,4 otaqlı,130 m²,16/17 mərtəbə,240 000
Qara Qarayev m.,2 otaqlı,65 m²,12/17 mərtəbə,160 000
Neftçilər m.,2 otaqlı,46 m²,2/5 mərtəbə,114 000
Neftçilər m.,2 otaqlı,72 m²,3/17 mərtəbə,157 000
Qara Qarayev m.,2 otaqlı,105 m²,3/16 mərtəbə,239 000
Qara Qarayev m.,1 otaqlı,32 m²,2/5 mərtəbə,116 000
Neftçilər m.,2 otaqlı,65 m²,7/18 mərtəbə,159 000
Neftçilər m.,2 otaqlı,52 m²,5/14 mərtəbə,137 000
Qara Qarayev m.,1 otaqlı,30 m²,5/5 mərtəbə,87 000
Neftçilər m.,2 otaqlı,55 m²,3/14 mərtəbə,134 700
Neftçilər m.,3 otaqlı,80 m²,4/5 mərtəbə,138 000
Neftçilər m.,3 otaqlı,138.4 m²,15/17 mərtəbə,235 280
Neftçilər m.,2 otaqlı,61.5 m²,16/17 mərtəbə,113 775
Neftçilər m.,2 otaqlı,89.8 m²,15/17 mərtəbə,162 000
Qara Qarayev m.,4 otaqlı,145 m²,9/16 mərtəbə,325 000
Neftçilər m.,2 otaqlı,91 m²,8/16 mərtəbə,202 000
Neftçilər m.,1 otaqlı,64.9 m²,17/17 mərtəbə,90 860
Neftçilər m.,3 otaqlı,84.1 m²,5/16 mərtəbə,151 138
Neftçilər m.,2 otaqlı,55 m²,2/5 mərtəbə,130 000
Neftçilər m.,2 otaqlı,35 m²,4/5 mərtəbə,103 500
Neftçilər m.,2 otaqlı,81.3 m²,14/17 mərtəbə,150 405
Neftçilər m.,3 otaqlı,88 m²,11/14 mərtəbə,215 000
Neftçilər m.,2 otaqlı,60 m²,9/9 mərtəbə,129 000
Neftçilər m.,1 otaqlı,64.9 m²,17/17 mərtəbə,90 860
Qara Qarayev m.,2 otaqlı,53 m²,6/16 mərtəbə,137 000
Neftçilər m.,2 otaqlı,52 m²,9/11 mərtəbə,133 000
Neftçilər m.,2 otaqlı,70 m²,16/19 mərtəbə,160 000
Neftçilər m.,1 otaqlı,30 m²,3/5 mərtəbə,98 000
Neftçilər m.,1 otaqlı,30 m²,3/5 mərtəbə,98 000
Neftçilər m.,4 otaqlı,80 m²,2/5 mərtəbə,150 000
Neftçilər m.,3 otaqlı,119 m²,8/18 mərtəbə,272 000
Neftçilər m.,3 otaqlı,75 m²,1/5 mərtəbə,135 000
Qara Qarayev m.,3 otaqlı,110 m²,4/17 mərtəbə,240 000
Qara Qarayev m.,3 otaqlı,109 m²,4/17 mərtəbə,240 000
Neftçilər m.,3 otaqlı,85 m²,1/5 mərtəbə,140 000
Neftçilər m.,3 otaqlı,55 m²,2/5 mərtəbə,114 000
Neftçilər m.,2 otaqlı,70 m²,19/19 mərtəbə,159 000
Neftçilər m.,3 otaqlı,79 m²,6/6 mərtəbə,104 280
Neftçilər m.,2 otaqlı,52 m²,5/14 mərtəbə,137 000
Neftçilər m.,3 otaqlı,70 m²,9/19 mərtəbə,165 000
Neftçilər m.,2 otaqlı,84 m²,4/14 mərtəbə,189 000
Neftçilər m.,2 otaqlı,76 m²,15/16 mərtəbə,136 800
Neftçilər m.,1 otaqlı,70 m²,3/14 mərtəbə,126 000
Qara Qarayev m.,2 otaqlı,64 m²,12/17 mərtəbə,160 000
Neftçilər m.,3 otaqlı,118 m²,11/11 mərtəbə,109 000
Qara Qarayev m.,3 otaqlı,115 m²,3/14 mərtəbə,227 000
Qara Qarayev m.,4 otaqlı,160 m²,13/16 mərtəbə,320 000
Qara Qarayev m.,4 otaqlı,160 m²,8/17 mərtəbə,355 000
Neftçilər m.,3 otaqlı,70 m²,2/9 mərtəbə,150 000
Neftçilər m.,2 otaqlı,61.5 m²,16/17 mərtəbə,113 775
Neftçilər m.,2 otaqlı,91 m²,8/16 mərtəbə,202 000
Qara Qarayev m.,3 otaqlı,110 m²,4/17 mərtəbə,240 000
Qara Qarayev m.,2 otaqlı,70 m²,8/17 mərtəbə,175 000
Neftçilər m.,3 otaqlı,58 m²,2/5 mərtəbə,129 000
Qara Qarayev m.,2 otaqlı,108 m²,9/16 mərtəbə,200 000
Qara Qarayev m.,3 otaqlı,136 m²,10/17 mərtəbə,305 000
Neftçilər m.,3 otaqlı,79 m²,2/9 mərtəbə,149 800
Xalqlar Dostluğu m.,2 otaqlı,60 m²,9/9 mərtəbə,129 000
Neftçilər m.,1 otaqlı,40 m²,5/5 mərtəbə,98 000
Neftçilər m.,3 otaqlı,136 m²,5/19 mərtəbə,244 800
Neftçilər m.,3 otaqlı,70 m²,2/9 mərtəbə,150 000
Qara Qarayev m.,3 otaqlı,110 m²,7/16 mərtəbə,235 000
Neftçilər m.,4 otaqlı,86.4 m²,2/5 mərtəbə,185 000
Neftçilər m.,4 otaqlı,182 m²,15/17 mərtəbə,470 000
Xalqlar Dostluğu m.,3 otaqlı,80 m²,1/5 mərtəbə,142 000
Neftçilər m.,1 otaqlı,36 m²,5/5 mərtəbə,95 000
Neftçilər m.,4 otaqlı,104 m²,5/17 mərtəbə,285 000
Neftçilər m.,2 otaqlı,51 m²,3/16 mərtəbə,135 000
Neftçilər m.,2 otaqlı,83 m²,6/16 mərtəbə,135 000
Neftçilər m.,3 otaqlı,91 m²,6/13 mərtəbə,188 000
Neftçilər m.,3 otaqlı,80 m²,5/18 mərtəbə,210 000
Neftçilər m.,2 otaqlı,55 m²,2/5 mərtəbə,120 000
Neftçilər m.,3 otaqlı,55 m²,2/5 mərtəbə,114 000
Neftçilər m.,2 otaqlı,35 m²,5/5 mərtəbə,90 000
Qara Qarayev m.,5 otaqlı,181 m²,13/17 mərtəbə,289 000
Neftçilər m.,2 otaqlı,71 m²,13/15 mərtəbə,133 000
Neftçilər m.,3 otaqlı,136 m²,5/19 mərtəbə,244 800
Neftçilər m.,2 otaqlı,46 m²,2/5 mərtəbə,114 000
Neftçilər m.,3 otaqlı,60 m²,1/5 mərtəbə,119 000
Neftçilər m.,2 otaqlı,61.5 m²,16/17 mərtəbə,113 775
Qara Qarayev m.,4 otaqlı,186 m²,17/19 mərtəbə,550 000
Neftçilər m.,3 otaqlı,137 m²,5/19 mərtəbə,244 800
Neftçilər m.,3 otaqlı,107 m²,5/10 mərtəbə,254 000
Neftçilər m.,3 otaqlı,70 m²,3/5 mərtəbə,160 000
Neftçilər m.,3 otaqlı,133 m²,15/17 mərtəbə,264 000
Neftçilər m.,2 otaqlı,47 m²,1/5 mərtəbə,120 000
Neftçilər m.,1 otaqlı,65 m²,17/17 mərtəbə,89 900
Neftçilər m.,3 otaqlı,136 m²,5/19 mərtəbə,244 800
Neftçilər m.,2 otaqlı,65 m²,2/9 mərtəbə,136 500
Qara Qarayev m.,3 otaqlı,115 m²,4/17 mərtəbə,238 000
Qara Qarayev m.,2 otaqlı,55 m²,5/15 mərtəbə,147 000
Neftçilər m.,3 otaqlı,135 m²,16/17 mərtəbə,184 900
Neftçilər m.,2 otaqlı,72.2 m²,5/17 mərtəbə,190 000
Neftçilər m.,2 otaqlı,94 m²,11/12 mərtəbə,185 000
Neftçilər m.,4 otaqlı,110 m²,8/9 mərtəbə,179 000
Neftçilər m.,3 otaqlı,88 m²,20/20 mərtəbə,120 000
Neftçilər m.,3 otaqlı,75 m²,4/5 mərtəbə,138 000
Neftçilər m.,2 otaqlı,60 m²,9/9 mərtəbə,116 000
Neftçilər m.,3 otaqlı,93 m²,7/18 mərtəbə,204 600
Neftçilər m.,3 otaqlı,96 m²,2/5 mərtəbə,155 000
Neftçilər m.,2 otaqlı,88 m²,13/14 mərtəbə,215 000
Neftçilər m.,4 otaqlı,110 m²,8/9 mərtəbə,179 000
Neftçilər m.,3 otaqlı,99 m²,2/16 mərtəbə,210 000
Xalqlar Dostluğu m.,3 otaqlı,80 m²,5/19 mərtəbə,164 900
Qara Qarayev m.,2 otaqlı,55 m²,14/17 mərtəbə,93 000
Neftçilər m.,3 otaqlı,138.4 m²,15/17 mərtəbə,235 280
Neftçilər m.,3 otaqlı,70 m²,5/5 mərtəbə,139 000
Neftçilər m.,2 otaqlı,70 m²,19/19 mərtəbə,159 000
Neftçilər m.,2 otaqlı,70 m²,7/16 mərtəbə,164 000
Neftçilər m.,2 otaqlı,68 m²,15/20 mərtəbə,165 000
Neftçilər m.,2 otaqlı,85 m²,10/17 mərtəbə,205 000
Neftçilər m.,3 otaqlı,92 m²,16/17 mərtəbə,230 000
Neftçilər m.,3 otaqlı,126 m²,10/14 mərtəbə,233 000
Neftçilər m.,2 otaqlı,63 m²,3/17 mərtəbə,147 000
Neftçilər m.,3 otaqlı,85 m²,4/9 mərtəbə,185 000
Neftçilər m.,2 otaqlı,70 m²,2/16 mərtəbə,154 000
Qara Qarayev m.,3 otaqlı,60 m²,10/16 mərtəbə,135 000
Neftçilər m.,3 otaqlı,85 m²,5/18 mərtəbə,210 000
Neftçilər m.,2 otaqlı,60 m²,5/5 mərtəbə,120 000
Qara Qarayev m.,3 otaqlı,97 m²,15/17 mərtəbə,205 000
Neftçilər m.,3 otaqlı,75 m²,3/5 mərtəbə,160 000
Neftçilər m.,2 otaqlı,49 m²,5/5 mərtəbə,94 500
Neftçilər m.,3 otaqlı,136 m²,5/19 mərtəbə,244 800
Qara Qarayev m.,3 otaqlı,70 m²,7/16 mərtəbə,110 000
Qara Qarayev m.,4 otaqlı,135 m²,15/17 mərtəbə,292 900
Qara Qarayev m.,2 otaqlı,60 m²,5/5 mərtəbə,124 500
Neftçilər m.,2 otaqlı,47 m²,5/5 mərtəbə,97 000
Neftçilər m.,4 otaqlı,85 m²,2/5 mərtəbə,148 900
Qara Qarayev m.,3 otaqlı,109 m²,9/16 mərtəbə,220 000
Neftçilər m.,2 otaqlı,63 m²,11/18 mərtəbə,144 000
Neftçilər m.,2 otaqlı,88 m²,11/14 mərtəbə,215 000
Qara Qarayev m.,2 otaqlı,70 m²,15/19 mərtəbə,176 000
Neftçilər m.,2 otaqlı,75 m²,7/16 mərtəbə,168 500
Neftçilər m.,3 otaqlı,138.4 m²,15/17 mərtəbə,235 280
Qara Qarayev m.,2 otaqlı,108 m²,9/16 mərtəbə,200 000
Neftçilər m.,3 otaqlı,80 m²,4/5 mərtəbə,138 000
Neftçilər m.,2 otaqlı,35 m²,5/5 mərtəbə,90 000
Neftçilər m.,2 otaqlı,55 m²,5/14 mərtəbə,137 000
Neftçilər m.,2 otaqlı,50 m²,2/5 mərtəbə,120 000
Neftçilər m.,3 otaqlı,136 m²,5/19 mərtəbə,244 800
Neftçilər m.,3 otaqlı,65 m²,3/5 mərtəbə,158 000
Neftçilər m.,4 otaqlı,110 m²,8/15 mərtəbə,179 000
Neftçilər m.,3 otaqlı,70 m²,5/5 mərtəbə,130 000
Neftçilər m.,1 otaqlı,32 m²,3/5 mərtəbə,95 000
Neftçilər m.,1 otaqlı,36 m²,5/5 mərtəbə,93 000
Neftçilər m.,2 otaqlı,102 m²,16/17 mərtəbə,183 000
Neftçilər m.,3 otaqlı,126 m²,10/14 mərtəbə,233 000
Qara Qarayev m.,2 otaqlı,108.5 m²,9/16 mərtəbə,200 000
Neftçilər m.,2 otaqlı,47 m²,2/5 mərtəbə,110 000
Neftçilər m.,3 otaqlı,136 m²,5/19 mərtəbə,244 800
Neftçilər m.,2 otaqlı,55 m²,16/16 mərtəbə,77 000
Qara Qarayev m.,1 otaqlı,48 m²,9/16 mərtəbə,78 500
Neftçilər m.,4 otaqlı,122 m²,7/16 mərtəbə,270 000
Neftçilər m.,2 otaqlı,68 m²,18/20 mərtəbə,152 000
Neftçilər m.,3 otaqlı,50 m²,2/5 mərtəbə,114 000
Neftçilər m.,2 otaqlı,35 m²,4/5 mərtəbə,97 900
Neftçilər m.,3 otaqlı,140 m²,10/12 mərtəbə,235 900
Neftçilər m.,2 otaqlı,85 m²,3/16 mərtəbə,185 000
Neftçilər m.,2 otaqlı,70 m²,7/16 mərtəbə,164 800
Neftçilər m.,2 otaqlı,50 m²,3/5 mərtəbə,120 000
Neftçilər m.,2 otaqlı,102 m²,11/14 mərtəbə,157 000
8 Noyabr m.,2 otaqlı,72 m²,6/18 mərtəbə,148 000
20 Yanvar m.,3 otaqlı,95.8 m²,12/14 mərtəbə,182 978
Memar Əcəmi m.,2 otaqlı,45 m²,2/5 mərtəbə,112 000
20 Yanvar m.,2 otaqlı,52.9 m²,20/20 mərtəbə,150 765
20 Yanvar m.,2 otaqlı,48 m²,19/20 mərtəbə,135 000
İnşaatçılar m.,6 otaqlı,320 m²,17/18 mərtəbə,440 000
8 Noyabr m.,2 otaqlı,55 m²,3/14 mərtəbə,185 000
20 Yanvar m.,3 otaqlı,104 m²,11/13 mərtəbə,255 000
8 Noyabr m.,3 otaqlı,100 m²,6/17 mərtəbə,340 000
20 Yanvar m.,3 otaqlı,105 m²,10/14 mərtəbə,250 000
20 Yanvar m.,3 otaqlı,100 m²,10/20 mərtəbə,266 000
20 Yanvar m.,3 otaqlı,105 m²,17/19 mərtəbə,228 000
İnşaatçılar m.,2 otaqlı,90 m²,12/17 mərtəbə,246 000
20 Yanvar m.,3 otaqlı,68 m²,2/20 mərtəbə,168 000
20 Yanvar m.,3 otaqlı,75 m²,8/20 mərtəbə,215 000
20 Yanvar m.,3 otaqlı,61 m²,6/20 mərtəbə,168 000
Memar Əcəmi m.,2 otaqlı,50 m²,1/5 mərtəbə,120 000
20 Yanvar m.,2 otaqlı,97 m²,8/16 mərtəbə,197 000
20 Yanvar m.,2 otaqlı,54 m²,18/20 mərtəbə,139 000
20 Yanvar m.,2 otaqlı,60 m²,10/17 mərtəbə,145 000
8 Noyabr m.,2 otaqlı,40 m²,4/5 mərtəbə,135 000
İnşaatçılar m.,2 otaqlı,75 m²,12/17 mərtəbə,198 000
Memar Əcəmi m.,3 otaqlı,85 m²,4/5 mərtəbə,155 000
Memar Əcəmi m.,3 otaqlı,85 m²,4/5 mərtəbə,155 000
8 Noyabr m.,3 otaqlı,145 m²,20/27 mərtəbə,310 000
20 Yanvar m.,4 otaqlı,127 m²,9/18 mərtəbə,300 000
20 Yanvar m.,3 otaqlı,92 m²,14/19 mərtəbə,215 000
20 Yanvar m.,4 otaqlı,110 m²,16/17 mərtəbə,310 000
20 Yanvar m.,2 otaqlı,47.3 m²,20/20 mərtəbə,129 602
20 Yanvar m.,2 otaqlı,75 m²,12/19 mərtəbə,198 000
8 Noyabr m.,4 otaqlı,130 m²,8/13 mərtəbə,350 000
20 Yanvar m.,3 otaqlı,110 m²,14/17 mərtəbə,255 000
20 Yanvar m.,2 otaqlı,54 m²,1/16 mərtəbə,140 000
8 Noyabr m.,2 otaqlı,107 m²,13/27 mərtəbə,325 000
Memar Əcəmi m.,2 otaqlı,45 m²,5/5 mərtəbə,109 000
20 Yanvar m.,2 otaqlı,48 m²,19/20 mərtəbə,139 000
8 Noyabr m.,3 otaqlı,104 m²,15/17 mərtəbə,260 000
20 Yanvar m.,2 otaqlı,55 m²,19/21 mərtəbə,139 000
20 Yanvar m.,2 otaqlı,50 m²,13/17 mərtəbə,137 000
20 Yanvar m.,2 otaqlı,46 m²,4/5 mərtəbə,135 000
20 Yanvar m.,2 otaqlı,53 m²,18/20 mərtəbə,139 000
20 Yanvar m.,2 otaqlı,66.8 m²,12/14 mərtəbə,140 948
20 Yanvar m.,2 otaqlı,65.6 m²,12/14 mərtəbə,127 920
20 Yanvar m.,3 otaqlı,114.6 m²,3/14 mərtəbə,228 054
20 Yanvar m.,3 otaqlı,95.8 m²,12/14 mərtəbə,182 978
20 Yanvar m.,2 otaqlı,88.8 m²,5/14 mərtəbə,183 816
8 Noyabr m.,4 otaqlı,130 m²,8/13 mərtəbə,350 000
20 Yanvar m.,3 otaqlı,176 m²,9/19 mərtəbə,300 000
20 Yanvar m.,3 otaqlı,105 m²,2/17 mərtəbə,270 000
Memar Əcəmi m.,2 otaqlı,55 m²,2/5 mərtəbə,135 000
İnşaatçılar m.,3 otaqlı,90 m²,12/19 mərtəbə,215 000
İnşaatçılar m.,2 otaqlı,86 m²,3/11 mərtəbə,177 000
20 Yanvar m.,2 otaqlı,50 m²,3/7 mərtəbə,150 000
20 Yanvar m.,2 otaqlı,50 m²,11/17 mərtəbə,132 000
20 Yanvar m.,2 otaqlı,80 m²,17/19 mərtəbə,211 000
20 Yanvar m.,3 otaqlı,87 m²,13/19 mərtəbə,205 000
20 Yanvar m.,3 otaqlı,105 m²,17/19 mərtəbə,228 000
İnşaatçılar m.,3 otaqlı,125 m²,18/19 mərtəbə,212 000
20 Yanvar m.,3 otaqlı,75 m²,8/20 mərtəbə,215 000
20 Yanvar m.,3 otaqlı,100 m²,10/20 mərtəbə,260 000
Memar Əcəmi m.,2 otaqlı,55 m²,3/5 mərtəbə,117 000
İnşaatçılar m.,2 otaqlı,97.7 m²,5/22 mərtəbə,129 000
20 Yanvar m.,2 otaqlı,70 m²,4/5 mərtəbə,135 000
İnşaatçılar m.,3 otaqlı,90 m²,6/19 mərtəbə,229 000
20 Yanvar m.,2 otaqlı,72 m²,10/16 mərtəbə,180 000
20 Yanvar m.,2 otaqlı,92 m²,7/19 mərtəbə,210 000
20 Yanvar m.,3 otaqlı,87 m²,14/19 mərtəbə,215 000
20 Yanvar m.,4 otaqlı,130 m²,17/17 mərtəbə,245 000
20 Yanvar m.,2 otaqlı,50 m²,11/18 mərtəbə,132 000
20 Yanvar m.,2 otaqlı,60 m²,4/5 mərtəbə,128 000
20 Yanvar m.,2 otaqlı,52 m²,4/5 mərtəbə,135 000
8 Noyabr m.,3 otaqlı,126 m²,3/13 mərtəbə,285 000
20 Yanvar m.,3 otaqlı,120 m²,13/18 mərtəbə,230 000
20 Yanvar m.,3 otaqlı,100 m²,10/20 mərtəbə,260 000
8 Noyabr m.,3 otaqlı,107 m²,11/13 mərtəbə,350 000
Memar Əcəmi m.,2 otaqlı,41.2 m²,1/5 mərtəbə,210 000
20 Yanvar m.,4 otaqlı,150 m²,14/16 mərtəbə,315 000
8 Noyabr m.,3 otaqlı,143 m²,8/18 mərtəbə,335 000
İnşaatçılar m.,4 otaqlı,141 m²,3/19 mərtəbə,325 000
Memar Əcəmi m.,2 otaqlı,58 m²,4/5 mərtəbə,128 000
20 Yanvar m.,2 otaqlı,47.3 m²,20/20 mərtəbə,129 602
20 Yanvar m.,3 otaqlı,112.7 m²,1/16 mərtəbə,214 130
20 Yanvar m.,2 otaqlı,52.9 m²,20/20 mərtəbə,150 765
20 Yanvar m.,3 otaqlı,101.3 m²,20/20 mərtəbə,232 990
20 Yanvar m.,2 otaqlı,47.1 m²,18/20 mərtəbə,129 525
20 Yanvar m.,2 otaqlı,43.2 m²,3/19 mərtəbə,115 000
20 Yanvar m.,3 otaqlı,105 m²,17/19 mərtəbə,228 000
20 Yanvar m.,3 otaqlı,114.6 m²,3/14 mərtəbə,228 054
20 Yanvar m.,3 otaqlı,78.7 m²,9/20 mərtəbə,224 295
20 Yanvar m.,2 otaqlı,81.6 m²,2/20 mərtəbə,187 680
20 Yanvar m.,2 otaqlı,47.2 m²,2/20 mərtəbə,133 576
20 Yanvar m.,2 otaqlı,47.1 m²,18/20 mərtəbə,129 525
20 Yanvar m.,3 otaqlı,76.9 m²,11/20 mərtəbə,221 472
İnşaatçılar m.,3 otaqlı,125 m²,18/19 mərtəbə,212 000
8 Noyabr m.,3 otaqlı,146 m²,3/14 mərtəbə,350 000
20 Yanvar m.,3 otaqlı,121 m²,8/9 mərtəbə,289 000
20 Yanvar m.,3 otaqlı,170 m²,19/21 mərtəbə,169 900
20 Yanvar m.,3 otaqlı,68 m²,2/20 mərtəbə,168 000
Memar Əcəmi m.,3 otaqlı,57 m²,13/17 mərtəbə,176 000
20 Yanvar m.,2 otaqlı,65 m²,11/20 mərtəbə,160 000
20 Yanvar m.,2 otaqlı,75 m²,2/17 mərtəbə,200 000
Memar Əcəmi m.,2 otaqlı,48 m²,4/5 mərtəbə,122 000
20 Yanvar m.,4 otaqlı,127 m²,9/18 mərtəbə,300 000
20 Yanvar m.,3 otaqlı,127 m²,10/17 mərtəbə,278 000
İnşaatçılar m.,3 otaqlı,140 m²,11/11 mərtəbə,147 000
20 Yanvar m.,2 otaqlı,48 m²,2/18 mərtəbə,128 000
20 Yanvar m.,3 otaqlı,95 m²,13/20 mərtəbə,210 000
Memar Əcəmi m.,2 otaqlı,50 m²,2/5 mərtəbə,128 000
20 Yanvar m.,2 otaqlı,48 m²,19/20 mərtəbə,139 000
Memar Əcəmi m.,3 otaqlı,84 m²,3/17 mərtəbə,235 000
20 Yanvar m.,2 otaqlı,55 m²,4/5 mərtəbə,135 000
İnşaatçılar m.,3 otaqlı,124 m²,17/20 mərtəbə,299 000
20 Yanvar m.,2 otaqlı,81.6 m²,2/20 mərtəbə,187 680
20 Yanvar m.,2 otaqlı,43.2 m²,3/19 mərtəbə,115 000
20 Yanvar m.,3 otaqlı,87.5 m²,19/20 mərtəbə,188 000
Memar Əcəmi m.,3 otaqlı,132 m²,2/12 mərtəbə,210 000
8 Noyabr m.,3 otaqlı,100 m²,6/16 mərtəbə,340 000
20 Yanvar m.,2 otaqlı,54 m²,4/5 mərtəbə,135 000
20 Yanvar m.,2 otaqlı,72 m²,7/16 mərtəbə,185 000
20 Yanvar m.,2 otaqlı,52 m²,4/5 mərtəbə,135 500
20 Yanvar m.,2 otaqlı,50 m²,4/5 mərtəbə,135 000
İnşaatçılar m.,3 otaqlı,125 m²,7/19 mərtəbə,299 000
20 Yanvar m.,2 otaqlı,47.2 m²,7/20 mərtəbə,137 400
20 Yanvar m.,3 otaqlı,72 m²,4/17 mərtəbə,174 000
8 Noyabr m.,3 otaqlı,104 m²,11/14 mərtəbə,250 000
20 Yanvar m.,3 otaqlı,110 m²,14/17 mərtəbə,255 000
8 Noyabr m.,2 otaqlı,72 m²,6/18 mərtəbə,148 000
İnşaatçılar m.,3 otaqlı,110 m²,3/16 mərtəbə,265 000
20 Yanvar m.,3 otaqlı,90 m²,12/19 mərtəbə,235 000
Memar Əcəmi m.,2 otaqlı,55 m²,4/5 mərtəbə,135 000
20 Yanvar m.,3 otaqlı,100 m²,10/20 mərtəbə,260 000
20 Yanvar m.,3 otaqlı,100 m²,14/20 mərtəbə,240 000
20 Yanvar m.,6 otaqlı,420 m²,17/17 mərtəbə,600 000
20 Yanvar m.,3 otaqlı,90 m²,16/20 mərtəbə,218 000
20 Yanvar m.,2 otaqlı,79 m²,4/18 mərtəbə,178 000
Memar Əcəmi m.,3 otaqlı,80 m²,3/5 mərtəbə,165 000
20 Yanvar m.,2 otaqlı,45 m²,5/20 mərtəbə,130 000
Memar Əcəmi m.,3 otaqlı,132 m²,2/12 mərtəbə,210 000
8 Noyabr m.,3 otaqlı,100 m²,6/16 mərtəbə,340 000
8 Noyabr m.,2 otaqlı,50 m²,4/13 mərtəbə,159 000
20 Yanvar m.,3 otaqlı,105 m²,2/17 mərtəbə,270 000
20 Yanvar m.,3 otaqlı,101.3 m²,20/20 mərtəbə,232 990
20 Yanvar m.,2 otaqlı,50 m²,15/18 mərtəbə,136 000
20 Yanvar m.,2 otaqlı,47.3 m²,20/20 mərtəbə,129 602
20 Yanvar m.,5 otaqlı,111 m²,4/9 mərtəbə,215 000
İnşaatçılar m.,3 otaqlı,132 m²,15/19 mərtəbə,300 000
20 Yanvar m.,4 otaqlı,186 m²,7/27 mərtəbə,399 000
İnşaatçılar m.,2 otaqlı,85 m²,17/19 mərtəbə,228 000
Memar Əcəmi m.,3 otaqlı,98 m²,9/12 mərtəbə,198 000
8 Noyabr m.,3 otaqlı,140 m²,10/16 mərtəbə,315 000
8 Noyabr m.,2 otaqlı,55 m²,13/14 mərtəbə,175 000
İnşaatçılar m.,2 otaqlı,90 m²,8/19 mərtəbə,246 000
Memar Əcəmi m.,2 otaqlı,45 m²,3/5 mərtəbə,133 000
20 Yanvar m.,3 otaqlı,90 m²,4/7 mərtəbə,210 000
20 Yanvar m.,2 otaqlı,105 m²,11/18 mərtəbə,228 000
20 Yanvar m.,2 otaqlı,75 m²,16/18 mərtəbə,170 000
20 Yanvar m.,2 otaqlı,70 m²,13/18 mərtəbə,165 000
Memar Əcəmi m.,2 otaqlı,45 m²,2/5 mərtəbə,136 000
20 Yanvar m.,3 otaqlı,98 m²,17/19 mərtəbə,228 000
20 Yanvar m.,2 otaqlı,56 m²,2/16 mərtəbə,149 000
20 Yanvar m.,3 otaqlı,125 m²,2/16 mərtəbə,250 000
20 Yanvar m.,2 otaqlı,52 m²,13/18 mərtəbə,130 000
Memar Əcəmi m.,2 otaqlı,50 m²,3/5 mərtəbə,114 000
20 Yanvar m.,2 otaqlı,47 m²,7/19 mərtəbə,138 000
8 Noyabr m.,2 otaqlı,50 m²,9/14 mərtəbə,159 000
İnşaatçılar m.,3 otaqlı,125 m²,7/19 mərtəbə,299 000
20 Yanvar m.,3 otaqlı,109 m²,16/16 mərtəbə,223 000
20 Yanvar m.,2 otaqlı,52 m²,4/5 mərtəbə,135 000
20 Yanvar m.,3 otaqlı,105 m²,17/19 mərtəbə,228 000
8 Noyabr m.,2 otaqlı,72 m²,6/18 mərtəbə,148 000
20 Yanvar m.,4 otaqlı,186 m²,7/27 mərtəbə,399 000
20 Yanvar m.,3 otaqlı,95.8 m²,12/14 mərtəbə,182 978
20 Yanvar m.,3 otaqlı,95 m²,13/19 mərtəbə,260 000
20 Yanvar m.,4 otaqlı,210 m²,2/18 mərtəbə,290 000
20 Yanvar m.,3 otaqlı,78 m²,4/14 mərtəbə,225 000
20 Yanvar m.,3 otaqlı,70.2 m²,7/19 mərtəbə,178 000
8 Noyabr m.,3 otaqlı,100 m²,6/16 mərtəbə,340 000
20 Yanvar m.,3 otaqlı,87.5 m²,19/20 mərtəbə,188 000
20 Yanvar m.,3 otaqlı,115 m²,11/21 mərtəbə,230 000
İnşaatçılar m.,2 otaqlı,72 m²,7/16 mərtəbə,180 000
8 Noyabr m.,3 otaqlı,152.5 m²,9/11 mərtəbə,350 000
Memar Əcəmi m.,3 otaqlı,70 m²,2/5 mərtəbə,168 000
8 Noyabr m.,3 otaqlı,100 m²,6/16 mərtəbə,340 000
20 Yanvar m.,2 otaqlı,73 m²,8/17 mərtəbə,177 600
20 Yanvar m.,3 otaqlı,130 m²,2/16 mərtəbə,250 000
20 Yanvar m.,2 otaqlı,52 m²,4/5 mərtəbə,140 000
20 Yanvar m.,2 otaqlı,87 m²,16/18 mərtəbə,180 000
20 Yanvar m.,4 otaqlı,150 m²,10/23 mərtəbə,270 000
20 Yanvar m.,5 otaqlı,120 m²,1/9 mərtəbə,174 000
20 Yanvar m.,5 otaqlı,120 m²,5/9 mərtəbə,193 000
8 Noyabr m.,3 otaqlı,135 m²,8/16 mərtəbə,285 000
20 Yanvar m.,4 otaqlı,175 m²,18/19 mərtəbə,380 000
20 Yanvar m.,3 otaqlı,150 m²,20/21 mərtəbə,240 000
20 Yanvar m.,2 otaqlı,102 m²,12/21 mərtəbə,195 000
20 Yanvar m.,2 otaqlı,43.2 m²,3/19 mərtəbə,115 000
20 Yanvar m.,3 otaqlı,92 m²,19/20 mərtəbə,188 000
20 Yanvar m.,2 otaqlı,52.9 m²,20/20 mərtəbə,150 765
İnşaatçılar m.,3 otaqlı,140 m²,11/11 mərtəbə,147 000
20 Yanvar m.,3 otaqlı,110 m²,14/17 mərtəbə,255 000
20 Yanvar m.,2 otaqlı,88.8 m²,5/14 mərtəbə,183 816
20 Yanvar m.,2 otaqlı,75 m²,18/19 mərtəbə,210 000
İnşaatçılar m.,2 otaqlı,65 m²,3/19 mərtəbə,107 000
Memar Əcəmi m.,2 otaqlı,59 m²,3/5 mərtəbə,136 000
20 Yanvar m.,2 otaqlı,75 m²,12/19 mərtəbə,198 000
20 Yanvar m.,2 otaqlı,50 m²,3/7 mərtəbə,150 000
20 Yanvar m.,2 otaqlı,45 m²,7/19 mərtəbə,138 000
20 Yanvar m.,2 otaqlı,55 m²,5/5 mərtəbə,117 000
8 Noyabr m.,3 otaqlı,100 m²,6/16 mərtəbə,340 000
Memar Əcəmi m.,3 otaqlı,176 m²,9/21 mərtəbə,300 000
8 Noyabr m.,3 otaqlı,108 m²,4/27 mərtəbə,343 000
8 Noyabr m.,3 otaqlı,100 m²,6/16 mərtəbə,340 000
20 Yanvar m.,2 otaqlı,56 m²,3/16 mərtəbə,149 000
20 Yanvar m.,2 otaqlı,90 m²,12/17 mərtəbə,255 000
8 Noyabr m.,3 otaqlı,100 m²,6/16 mərtəbə,340 000
20 Yanvar m.,2 otaqlı,50 m²,3/7 mərtəbə,148 000
20 Yanvar m.,3 otaqlı,105 m²,13/17 mərtəbə,229 500
Memar Əcəmi m.,1 otaqlı,34 m²,3/5 mərtəbə,105 000
8 Noyabr m.,3 otaqlı,105 m²,25/27 mərtəbə,374 000
20 Yanvar m.,2 otaqlı,47 m²,8/20 mərtəbə,138 000
8 Noyabr m.,3 otaqlı,100 m²,6/16 mərtəbə,340 000
8 Noyabr m.,3 otaqlı,100 m²,6/16 mərtəbə,340 000
20 Yanvar m.,3 otaqlı,140 m²,6/22 mərtəbə,279 000
8 Noyabr m.,3 otaqlı,100 m²,6/17 mərtəbə,340 000
20 Yanvar m.,2 otaqlı,47 m²,9/13 mərtəbə,125 000
20 Yanvar m.,3 otaqlı,105 m²,2/17 mərtəbə,270 000
20 Yanvar m.,2 otaqlı,47.1 m²,18/20 mərtəbə,129 525
20 Yanvar m.,2 otaqlı,90 m²,20/20 mərtəbə,202 500
20 Yanvar m.,4 otaqlı,130 m²,17/17 mərtəbə,245 000
8 Noyabr m.,3 otaqlı,100 m²,6/17 mərtəbə,340 000
8 Noyabr m.,3 otaqlı,100 m²,6/16 mərtəbə,340 000
20 Yanvar m.,2 otaqlı,48 m²,1/5 mərtəbə,120 000
8 Noyabr m.,3 otaqlı,130 m²,15/18 mərtəbə,240 000
20 Yanvar m.,2 otaqlı,50 m²,15/18 mərtəbə,136 000
20 Yanvar m.,2 otaqlı,78 m²,5/18 mərtəbə,178 000
20 Yanvar m.,2 otaqlı,70 m²,1/4 mərtəbə,84 000
20 Yanvar m.,2 otaqlı,50 m²,5/20 mərtəbə,130 000
Memar Əcəmi m.,3 otaqlı,160 m²,5/11 mərtəbə,280 000
Memar Əcəmi m.,4 otaqlı,100 m²,2/9 mərtəbə,240 000
Memar Əcəmi m.,3 otaqlı,70 m²,5/5 mərtəbə,114 000
20 Yanvar m.,3 otaqlı,97.1 m²,3/8 mərtəbə,188 000
Memar Əcəmi m.,3 otaqlı,98 m²,9/12 mərtəbə,198 000
8 Noyabr m.,3 otaqlı,136 m²,6/17 mərtəbə,300 000
Memar Əcəmi m.,2 otaqlı,45 m²,2/5 mərtəbə,112 000
Memar Əcəmi m.,2 otaqlı,55 m²,4/5 mərtəbə,120 000
Memar Əcəmi m.,2 otaqlı,38 m²,1/5 mərtəbə,103 000
20 Yanvar m.,2 otaqlı,52 m²,3/5 mərtəbə,129 000
İnşaatçılar m.,2 otaqlı,52 m²,3/5 mərtəbə,132 900
20 Yanvar m.,3 otaqlı,85 m²,2/5 mərtəbə,177 000
20 Yanvar m.,2 otaqlı,52 m²,4/5 mərtəbə,135 000
20 Yanvar m.,3 otaqlı,125 m²,17/19 mərtəbə,299 000
20 Yanvar m.,3 otaqlı,140 m²,15/19 mərtəbə,250 000
Memar Əcəmi m.,3 otaqlı,70 m²,3/5 mərtəbə,175 000
20 Yanvar m.,2 otaqlı,90 m²,20/20 mərtəbə,202 500
Memar Əcəmi m.,3 otaqlı,132 m²,2/12 mərtəbə,210 000
Memar Əcəmi m.,3 otaqlı,57 m²,13/17 mərtəbə,176 000
20 Yanvar m.,3 otaqlı,87.5 m²,19/20 mərtəbə,188 000
20 Yanvar m.,3 otaqlı,140 m²,4/18 mərtəbə,270 000
Memar Əcəmi m.,2 otaqlı,60 m²,17/17 mərtəbə,167 000
20 Yanvar m.,2 otaqlı,60 m²,10/17 mərtəbə,145 000
8 Noyabr m.,3 otaqlı,145 m²,11/27 mərtəbə,324 000
20 Yanvar m.,4 otaqlı,140 m²,5/20 mərtəbə,260 000
20 Yanvar m.,2 otaqlı,148 m²,3/20 mərtəbə,240 000
20 Yanvar m.,4 otaqlı,210 m²,2/16 mərtəbə,290 000
20 Yanvar m.,2 otaqlı,50 m²,11/18 mərtəbə,132 000
Memar Əcəmi m.,3 otaqlı,111 m²,2/10 mərtəbə,275 000
Memar Əcəmi m.,3 otaqlı,108.4 m²,12/18 mərtəbə,285 000
20 Yanvar m.,3 otaqlı,61 m²,14/20 mərtəbə,158 000
20 Yanvar m.,4 otaqlı,210 m²,9/17 mərtəbə,415 000
Memar Əcəmi m.,2 otaqlı,55 m²,4/5 mərtəbə,129 000
20 Yanvar m.,2 otaqlı,76.2 m²,11/15 mərtəbə,213 000
20 Yanvar m.,2 otaqlı,67 m²,5/15 mərtəbə,180 000
20 Yanvar m.,3 otaqlı,141 m²,8/21 mərtəbə,287 000
Memar Əcəmi m.,2 otaqlı,65 m²,2/13 mərtəbə,159 000
20 Yanvar m.,3 otaqlı,95 m²,15/19 mərtəbə,235 000
20 Yanvar m.,2 otaqlı,50 m²,4/5 mərtəbə,122 000
8 Noyabr m.,2 otaqlı,84 m²,16/18 mərtəbə,195 000
8 Noyabr m.,3 otaqlı,117 m²,15/17 mərtəbə,250 000
8 Noyabr m.,3 otaqlı,102 m²,6/16 mərtəbə,340 000
20 Yanvar m.,2 otaqlı,77 m²,12/19 mərtəbə,198 000
Memar Əcəmi m.,2 otaqlı,60 m²,4/5 mərtəbə,126 000
Azadlıq Prospekti m.,3 otaqlı,80 m²,3/9 mərtəbə,202 000
Azadlıq Prospekti m.,1 otaqlı,60 m²,16/16 mərtəbə,122 000
Azadlıq Prospekti m.,1 otaqlı,45.5 m²,6/14 mərtəbə,120 575
Azadlıq Prospekti m.,1 otaqlı,45.5 m²,3/13 mərtəbə,116 025
Azadlıq Prospekti m.,3 otaqlı,52 m²,3/5 mərtəbə,128 000
Azadlıq Prospekti m.,2 otaqlı,84 m²,6/12 mərtəbə,200 000
Azadlıq Prospekti m.,2 otaqlı,72 m²,6/16 mərtəbə,140 000
Azadlıq Prospekti m.,3 otaqlı,110 m²,16/19 mərtəbə,215 000
Azadlıq Prospekti m.,4 otaqlı,200 m²,12/17 mərtəbə,388 000
Azadlıq Prospekti m.,2 otaqlı,50 m²,10/15 mərtəbə,152 000
Azadlıq Prospekti m.,2 otaqlı,80 m²,7/16 mərtəbə,190 000
Azadlıq Prospekti m.,5 otaqlı,120 m²,4/9 mərtəbə,280 000
Azadlıq Prospekti m.,3 otaqlı,110 m²,9/13 mərtəbə,264 000
Azadlıq Prospekti m.,2 otaqlı,98 m²,10/16 mərtəbə,185 000
Azadlıq Prospekti m.,3 otaqlı,160 m²,11/11 mərtəbə,350 000
Azadlıq Prospekti m.,2 otaqlı,100 m²,7/17 mərtəbə,235 000
Azadlıq Prospekti m.,3 otaqlı,131 m²,17/18 mərtəbə,255 000
Azadlıq Prospekti m.,3 otaqlı,120 m²,11/12 mərtəbə,264 000
Azadlıq Prospekti m.,3 otaqlı,111.8 m²,12/13 mərtəbə,273 910
Azadlıq Prospekti m.,2 otaqlı,65 m²,8/9 mərtəbə,150 000
Azadlıq Prospekti m.,3 otaqlı,80 m²,5/9 mərtəbə,195 000
Azadlıq Prospekti m.,2 otaqlı,98 m²,12/19 mərtəbə,205 000
Azadlıq Prospekti m.,2 otaqlı,65 m²,7/9 mərtəbə,155 000
Azadlıq Prospekti m.,2 otaqlı,46 m²,2/5 mərtəbə,135 000
Azadlıq Prospekti m.,1 otaqlı,45.5 m²,3/13 mərtəbə,116 025
Azadlıq Prospekti m.,2 otaqlı,75 m²,7/16 mərtəbə,190 000
Azadlıq Prospekti m.,3 otaqlı,107.7 m²,7/13 mərtəbə,263 865
Azadlıq Prospekti m.,1 otaqlı,45.5 m²,6/14 mərtəbə,120 575
Azadlıq Prospekti m.,1 otaqlı,45.5 m²,6/14 mərtəbə,120 575
Azadlıq Prospekti m.,1 otaqlı,45.5 m²,2/13 mərtəbə,113 750
Azadlıq Prospekti m.,4 otaqlı,150 m²,4/18 mərtəbə,275 000
Azadlıq Prospekti m.,3 otaqlı,107.7 m²,7/13 mərtəbə,263 865
Azadlıq Prospekti m.,2 otaqlı,75 m²,4/12 mərtəbə,176 500
Azadlıq Prospekti m.,2 otaqlı,60 m²,8/17 mərtəbə,154 000
Azadlıq Prospekti m.,2 otaqlı,65 m²,11/17 mərtəbə,177 500
Azadlıq Prospekti m.,2 otaqlı,50 m²,3/12 mərtəbə,129 500
Azadlıq Prospekti m.,2 otaqlı,70 m²,8/17 mərtəbə,165 000
Azadlıq Prospekti m.,2 otaqlı,52 m²,10/16 mərtəbə,152 500
Azadlıq Prospekti m.,2 otaqlı,50 m²,12/17 mərtəbə,144 500
Azadlıq Prospekti m.,2 otaqlı,50 m²,8/12 mərtəbə,128 000
Azadlıq Prospekti m.,2 otaqlı,65 m²,16/17 mərtəbə,137 800
Azadlıq Prospekti m.,3 otaqlı,82 m²,10/17 mərtəbə,185 000
Azadlıq Prospekti m.,3 otaqlı,80 m²,6/17 mərtəbə,199 500
Azadlıq Prospekti m.,2 otaqlı,78 m²,8/19 mərtəbə,184 000
Azadlıq Prospekti m.,3 otaqlı,80 m²,7/17 mərtəbə,199 000
Azadlıq Prospekti m.,2 otaqlı,70 m²,12/19 mərtəbə,155 000
Azadlıq Prospekti m.,3 otaqlı,92 m²,9/17 mərtəbə,235 000
Azadlıq Prospekti m.,3 otaqlı,75 m²,5/5 mərtəbə,146 000
Azadlıq Prospekti m.,4 otaqlı,146 m²,17/17 mərtəbə,370 000
Azadlıq Prospekti m.,2 otaqlı,65 m²,3/9 mərtəbə,165 000
Azadlıq Prospekti m.,2 otaqlı,65 m²,10/16 mərtəbə,159 000
Azadlıq Prospekti m.,2 otaqlı,65 m²,16/17 mərtəbə,138 000
Azadlıq Prospekti m.,2 otaqlı,50 m²,11/17 mərtəbə,126 000
Azadlıq Prospekti m.,2 otaqlı,40 m²,2/5 mərtəbə,102 000
Azadlıq Prospekti m.,3 otaqlı,135 m²,17/17 mərtəbə,209 000
Azadlıq Prospekti m.,3 otaqlı,114 m²,7/17 mərtəbə,247 000
Azadlıq Prospekti m.,4 otaqlı,150 m²,4/18 mərtəbə,275 000
Azadlıq Prospekti m.,1 otaqlı,45.5 m²,6/14 mərtəbə,120 575
Azadlıq Prospekti m.,2 otaqlı,75 m²,7/16 mərtəbə,190 000
Azadlıq Prospekti m.,2 otaqlı,60 m²,16/17 mərtəbə,165 000
Azadlıq Prospekti m.,3 otaqlı,109 m²,12/17 mərtəbə,239 000
Azadlıq Prospekti m.,3 otaqlı,85 m²,4/9 mərtəbə,220 000
Azadlıq Prospekti m.,3 otaqlı,130 m²,12/18 mərtəbə,285 000
Azadlıq Prospekti m.,2 otaqlı,62 m²,8/9 mərtəbə,142 000
Azadlıq Prospekti m.,4 otaqlı,160 m²,9/17 mərtəbə,345 000
Azadlıq Prospekti m.,2 otaqlı,40 m²,2/5 mərtəbə,100 000
Azadlıq Prospekti m.,3 otaqlı,90 m²,4/9 mərtəbə,220 000
Azadlıq Prospekti m.,3 otaqlı,80 m²,5/9 mərtəbə,195 000
Azadlıq Prospekti m.,5 otaqlı,220 m²,6/12 mərtəbə,470 000
Azadlıq Prospekti m.,2 otaqlı,55 m²,4/5 mərtəbə,135 000
Azadlıq Prospekti m.,3 otaqlı,102 m²,6/17 mərtəbə,220 000
Azadlıq Prospekti m.,3 otaqlı,130 m²,9/17 mərtəbə,279 000
Azadlıq Prospekti m.,2 otaqlı,65 m²,16/18 mərtəbə,165 000
Azadlıq Prospekti m.,3 otaqlı,80 m²,5/5 mərtəbə,197 000
Azadlıq Prospekti m.,3 otaqlı,80 m²,5/5 mərtəbə,150 000
Azadlıq Prospekti m.,2 otaqlı,55 m²,11/15 mərtəbə,159 000
Azadlıq Prospekti m.,4 otaqlı,100 m²,2/5 mərtəbə,210 000
Azadlıq Prospekti m.,4 otaqlı,100 m²,7/9 mərtəbə,228 000
Azadlıq Prospekti m.,2 otaqlı,60 m²,12/17 mərtəbə,177 000
Azadlıq Prospekti m.,4 otaqlı,160 m²,9/17 mərtəbə,345 000
Azadlıq Prospekti m.,3 otaqlı,130 m²,9/17 mərtəbə,279 000
Azadlıq Prospekti m.,2 otaqlı,70 m²,9/19 mərtəbə,154 000
Azadlıq Prospekti m.,3 otaqlı,100 m²,4/16 mərtəbə,215 000
Azadlıq Prospekti m.,2 otaqlı,70 m²,8/12 mərtəbə,178 500
Azadlıq Prospekti m.,3 otaqlı,80 m²,3/9 mərtəbə,202 000
Azadlıq Prospekti m.,4 otaqlı,135 m²,17/18 mərtəbə,210 000
Azadlıq Prospekti m.,3 otaqlı,90 m²,2/2 mərtəbə,120 000
Azadlıq Prospekti m.,3 otaqlı,107.7 m²,7/13 mərtəbə,263 865
Azadlıq Prospekti m.,3 otaqlı,80 m²,2/9 mərtəbə,179 999
Azadlıq Prospekti m.,3 otaqlı,75 m²,2/9 mərtəbə,170 000
Azadlıq Prospekti m.,4 otaqlı,135 m²,17/18 mərtəbə,210 000
Azadlıq Prospekti m.,3 otaqlı,90 m²,2/2 mərtəbə,120 000
Azadlıq Prospekti m.,2 otaqlı,68 m²,5/9 mərtəbə,175 000
Azadlıq Prospekti m.,4 otaqlı,110 m²,3/10 mərtəbə,215 000
Azadlıq Prospekti m.,3 otaqlı,80 m²,3/9 mərtəbə,202 000
Azadlıq Prospekti m.,2 otaqlı,45 m²,7/9 mərtəbə,136 000
Azadlıq Prospekti m.,4 otaqlı,88.9 m²,3/5 mərtəbə,247 000
Azadlıq Prospekti m.,2 otaqlı,70 m²,3/9 mərtəbə,165 000
Azadlıq Prospekti m.,3 otaqlı,90 m²,8/9 mərtəbə,190 000
Azadlıq Prospekti m.,3 otaqlı,114 m²,5/20 mərtəbə,280 000
Azadlıq Prospekti m.,3 otaqlı,112 m²,8/16 mərtəbə,250 000
Gənclik m.,3 otaqlı,70 m²,2/9 mərtəbə,170 000
Azadlıq Prospekti m.,1 otaqlı,45.5 m²,2/13 mərtəbə,113 750
Azadlıq Prospekti m.,5 otaqlı,120 m²,3/9 mərtəbə,270 000
Azadlıq Prospekti m.,4 otaqlı,150 m²,4/18 mərtəbə,275 000
Azadlıq Prospekti m.,1 otaqlı,60 m²,16/16 mərtəbə,122 000
Azadlıq Prospekti m.,3 otaqlı,107.7 m²,9/14 mərtəbə,263 865
Azadlıq Prospekti m.,3 otaqlı,60 m²,9/9 mərtəbə,135 000
Azadlıq Prospekti m.,3 otaqlı,110 m²,10/13 mərtəbə,264 000
Azadlıq Prospekti m.,3 otaqlı,58 m²,7/9 mərtəbə,155 000
Azadlıq Prospekti m.,2 otaqlı,95 m²,3/12 mərtəbə,207 000
Dərnəgül m.,3 otaqlı,108 m²,8/10 mərtəbə,214 000
Azadlıq Prospekti m.,3 otaqlı,58 m²,7/9 mərtəbə,155 000
Azadlıq Prospekti m.,1 otaqlı,45.5 m²,6/14 mərtəbə,120 575
Azadlıq Prospekti m.,3 otaqlı,110 m²,10/13 mərtəbə,264 000
Azadlıq Prospekti m.,3 otaqlı,115 m²,8/16 mərtəbə,252 000
Azadlıq Prospekti m.,2 otaqlı,55 m²,5/5 mərtəbə,112 000
Azadlıq Prospekti m.,2 otaqlı,60 m²,16/17 mərtəbə,165 000
Azadlıq Prospekti m.,2 otaqlı,70 m²,5/9 mərtəbə,160 000
Azadlıq Prospekti m.,3 otaqlı,80 m²,2/9 mərtəbə,190 000
Azadlıq Prospekti m.,2 otaqlı,50 m²,9/12 mərtəbə,127 500
Azadlıq Prospekti m.,2 otaqlı,40 m²,3/5 mərtəbə,89 000
Azadlıq Prospekti m.,1 otaqlı,37 m²,2/5 mərtəbə,86 000
Azadlıq Prospekti m.,3 otaqlı,68 m²,9/9 mərtəbə,133 000
Azadlıq Prospekti m.,2 otaqlı,76 m²,3/10 mərtəbə,208 000
Azadlıq Prospekti m.,3 otaqlı,114 m²,8/17 mərtəbə,248 000
Azadlıq Prospekti m.,1 otaqlı,50 m²,12/16 mərtəbə,150 000
Azadlıq Prospekti m.,2 otaqlı,40 m²,4/5 mərtəbə,92 000
Azadlıq Prospekti m.,3 otaqlı,94 m²,4/17 mərtəbə,215 000
Azadlıq Prospekti m.,4 otaqlı,204 m²,14/18 mərtəbə,440 000
Azadlıq Prospekti m.,2 otaqlı,40 m²,1/5 mərtəbə,87 500
Nəsimi m.,2 otaqlı,35 m²,2/5 mərtəbə,105 000
Azadlıq Prospekti m.,2 otaqlı,54 m²,3/10 mərtəbə,100 000
Azadlıq Prospekti m.,1 otaqlı,68 m²,15/18 mərtəbə,137 000
Azadlıq Prospekti m.,3 otaqlı,118 m²,9/16 mərtəbə,282 000
Azadlıq Prospekti m.,3 otaqlı,75 m²,2/9 mərtəbə,205 000
Azadlıq Prospekti m.,2 otaqlı,70 m²,15/18 mərtəbə,135 000
Azadlıq Prospekti m.,3 otaqlı,116 m²,5/20 mərtəbə,280 000
Azadlıq Prospekti m.,3 otaqlı,85.5 m²,3/10 mərtəbə,190 000
Azadlıq Prospekti m.,5 otaqlı,130 m²,1/9 mərtəbə,185 000
Azadlıq Prospekti m.,3 otaqlı,60 m²,9/9 mərtəbə,135 000
Azadlıq Prospekti m.,4 otaqlı,200 m²,12/17 mərtəbə,388 000
Azadlıq Prospekti m.,4 otaqlı,135 m²,17/18 mərtəbə,210 000
Azadlıq Prospekti m.,2 otaqlı,75 m²,7/16 mərtəbə,190 000
Azadlıq Prospekti m.,4 otaqlı,120 m²,1/9 mərtəbə,185 000
Azadlıq Prospekti m.,3 otaqlı,110 m²,9/12 mərtəbə,208 000
Azadlıq Prospekti m.,2 otaqlı,78 m²,10/16 mərtəbə,205 000
Azadlıq Prospekti m.,4 otaqlı,110 m²,6/9 mərtəbə,245 000
Azadlıq Prospekti m.,2 otaqlı,68 m²,11/19 mərtəbə,165 000
Azadlıq Prospekti m.,3 otaqlı,120 m²,11/12 mərtəbə,264 000
Azadlıq Prospekti m.,2 otaqlı,66 m²,8/12 mərtəbə,179 500
Azadlıq Prospekti m.,3 otaqlı,80 m²,5/5 mərtəbə,155 000
Azadlıq Prospekti m.,3 otaqlı,114 m²,8/17 mərtəbə,247 000
Azadlıq Prospekti m.,3 otaqlı,92 m²,8/9 mərtəbə,206 000
Azadlıq Prospekti m.,1 otaqlı,40 m²,2/5 mərtəbə,101 500
Azadlıq Prospekti m.,3 otaqlı,140 m²,8/12 mərtəbə,315 000
Azadlıq Prospekti m.,3 otaqlı,120 m²,11/12 mərtəbə,247 000
Azadlıq Prospekti m.,2 otaqlı,65 m²,15/17 mərtəbə,165 000
Azadlıq Prospekti m.,3 otaqlı,114 m²,5/20 mərtəbə,279 000
Azadlıq Prospekti m.,1 otaqlı,36 m²,2/5 mərtəbə,101 500
Azadlıq Prospekti m.,3 otaqlı,68 m²,3/9 mərtəbə,164 900
Azadlıq Prospekti m.,2 otaqlı,75 m²,7/16 mərtəbə,190 000
Azadlıq Prospekti m.,4 otaqlı,130 m²,16/17 mərtəbə,225 000
Azadlıq Prospekti m.,3 otaqlı,117 m²,8/17 mərtəbə,260 000
Azadlıq Prospekti m.,3 otaqlı,115 m²,5/20 mərtəbə,290 000
Dərnəgül m.,2 otaqlı,35 m²,3/5 mərtəbə,89 000
Azadlıq Prospekti m.,3 otaqlı,100 m²,12/17 mərtəbə,249 000
Azadlıq Prospekti m.,2 otaqlı,60 m²,9/9 mərtəbə,132 000
Azadlıq Prospekti m.,1 otaqlı,45.5 m²,2/13 mərtəbə,113 750
Azadlıq Prospekti m.,2 otaqlı,72 m²,6/16 mərtəbə,140 000
Azadlıq Prospekti m.,3 otaqlı,110 m²,10/13 mərtəbə,264 000
Azadlıq Prospekti m.,2 otaqlı,75 m²,7/16 mərtəbə,190 000
Azadlıq Prospekti m.,4 otaqlı,194 m²,13/17 mərtəbə,412 000
Azadlıq Prospekti m.,2 otaqlı,50 m²,2/5 mərtəbə,103 000
Azadlıq Prospekti m.,2 otaqlı,64 m²,16/18 mərtəbə,165 000
Azadlıq Prospekti m.,1 otaqlı,50 m²,13/17 mərtəbə,170 000
Azadlıq Prospekti m.,3 otaqlı,93.5 m²,17/17 mərtəbə,227 000
Azadlıq Prospekti m.,2 otaqlı,60 m²,12/17 mərtəbə,175 000
Azadlıq Prospekti m.,2 otaqlı,42 m²,3/19 mərtəbə,135 000
Azadlıq Prospekti m.,5 otaqlı,130 m²,3/9 mərtəbə,270 000
Azadlıq Prospekti m.,2 otaqlı,46 m²,5/5 mərtəbə,150 000
Azadlıq Prospekti m.,2 otaqlı,44 m²,6/16 mərtəbə,125 000
Azadlıq Prospekti m.,3 otaqlı,52 m²,4/5 mərtəbə,128 000
Azadlıq Prospekti m.,1 otaqlı,40 m²,5/5 mərtəbə,88 000
Azadlıq Prospekti m.,2 otaqlı,40 m²,4/5 mərtəbə,93 000
Azadlıq Prospekti m.,3 otaqlı,100 m²,2/5 mərtəbə,209 000
Azadlıq Prospekti m.,4 otaqlı,190 m²,8/8 mərtəbə,270 000
Azadlıq Prospekti m.,3 otaqlı,90 m²,6/9 mərtəbə,198 000
Azadlıq Prospekti m.,2 otaqlı,56 m²,11/17 mərtəbə,159 000
Azadlıq Prospekti m.,3 otaqlı,65 m²,9/9 mərtəbə,132 000
Azadlıq Prospekti m.,3 otaqlı,135 m²,13/17 mərtəbə,395 000
Azadlıq Prospekti m.,3 otaqlı,85 m²,6/9 mərtəbə,210 000
Azadlıq Prospekti m.,4 otaqlı,180 m²,13/16 mərtəbə,375 000
Azadlıq Prospekti m.,3 otaqlı,70 m²,2/9 mərtəbə,169 000
Azadlıq Prospekti m.,2 otaqlı,50 m²,10/15 mərtəbə,153 000
Azadlıq Prospekti m.,4 otaqlı,185 m²,5/14 mərtəbə,410 000
Azadlıq Prospekti m.,2 otaqlı,72 m²,6/16 mərtəbə,140 000
Azadlıq Prospekti m.,3 otaqlı,107.7 m²,7/13 mərtəbə,263 865
Azadlıq Prospekti m.,3 otaqlı,80 m²,3/9 mərtəbə,202 000
Azadlıq Prospekti m.,3 otaqlı,58 m²,7/9 mərtəbə,155 000
Azadlıq Prospekti m.,3 otaqlı,98 m²,12/17 mərtəbə,250 000
Azadlıq Prospekti m.,5 otaqlı,225 m²,4/17 mərtəbə,388 000
Azadlıq Prospekti m.,2 otaqlı,70 m²,1/9 mərtəbə,155 000
Nəsimi m.,3 otaqlı,55 m²,5/5 mərtəbə,115 000
Azadlıq Prospekti m.,3 otaqlı,109 m²,12/17 mərtəbə,250 000
Azadlıq Prospekti m.,3 otaqlı,115 m²,5/20 mərtəbə,280 000
Azadlıq Prospekti m.,3 otaqlı,96 m²,7/14 mərtəbə,193 000
Azadlıq Prospekti m.,2 otaqlı,70 m²,5/17 mərtəbə,178 000
Azadlıq Prospekti m.,2 otaqlı,68 m²,9/17 mərtəbə,172 000
Azadlıq Prospekti m.,3 otaqlı,94 m²,4/17 mərtəbə,213 000
Azadlıq Prospekti m.,5 otaqlı,120 m²,9/9 mərtəbə,175 000
Nəsimi m.,3 otaqlı,128.6 m²,11/17 mərtəbə,255 000
Azadlıq Prospekti m.,4 otaqlı,155 m²,11/18 mərtəbə,320 000
Azadlıq Prospekti m.,3 otaqlı,65 m²,2/9 mərtəbə,172 000
Azadlıq Prospekti m.,3 otaqlı,70 m²,1/5 mərtəbə,135 000
Azadlıq Prospekti m.,5 otaqlı,120 m²,3/9 mərtəbə,270 000
Azadlıq Prospekti m.,2 otaqlı,98 m²,10/16 mərtəbə,195 000
Azadlıq Prospekti m.,2 otaqlı,60 m²,16/17 mərtəbə,165 000
Azadlıq Prospekti m.,3 otaqlı,90 m²,2/17 mərtəbə,235 000
Azadlıq Prospekti m.,1 otaqlı,35 m²,1/5 mərtəbə,88 000
Azadlıq Prospekti m.,3 otaqlı,90 m²,7/9 mərtəbə,230 000
Azadlıq Prospekti m.,4 otaqlı,135 m²,14/14 mərtəbə,335 000
Azadlıq Prospekti m.,3 otaqlı,56 m²,4/5 mərtəbə,170 000
Azadlıq Prospekti m.,2 otaqlı,65 m²,8/16 mərtəbə,155 000
Azadlıq Prospekti m.,3 otaqlı,110 m²,10/13 mərtəbə,264 000
Azadlıq Prospekti m.,4 otaqlı,135 m²,17/18 mərtəbə,210 000
Azadlıq Prospekti m.,3 otaqlı,107.7 m²,7/13 mərtəbə,263 865
Azadlıq Prospekti m.,2 otaqlı,100 m²,7/17 mərtəbə,235 000
Azadlıq Prospekti m.,3 otaqlı,135 m²,17/18 mərtəbə,220 000
Azadlıq Prospekti m.,2 otaqlı,52 m²,2/5 mərtəbə,129 500
Azadlıq Prospekti m.,5 otaqlı,120 m²,3/5 mərtəbə,250 000
Azadlıq Prospekti m.,2 otaqlı,55 m²,9/9 mərtəbə,123 000
Azadlıq Prospekti m.,5 otaqlı,120 m²,5/9 mərtəbə,245 000
Azadlıq Prospekti m.,2 otaqlı,45 m²,5/9 mərtəbə,140 000
Azadlıq Prospekti m.,2 otaqlı,97 m²,7/16 mərtəbə,193 000
Azadlıq Prospekti m.,4 otaqlı,180 m²,16/17 mərtəbə,340 000
Azadlıq Prospekti m.,2 otaqlı,50 m²,2/5 mərtəbə,129 500
Azadlıq Prospekti m.,3 otaqlı,80 m²,17/17 mərtəbə,168 000
Azadlıq Prospekti m.,3 otaqlı,72 m²,2/9 mərtəbə,185 000
Nəsimi m.,3 otaqlı,80 m²,8/9 mərtəbə,185 000
Nəsimi m.,4 otaqlı,102 m²,5/10 mərtəbə,235 000
Azadlıq Prospekti m.,2 otaqlı,60 m²,4/5 mərtəbə,155 000
Azadlıq Prospekti m.,3 otaqlı,85 m²,9/9 mərtəbə,190 000
Azadlıq Prospekti m.,2 otaqlı,60 m²,7/9 mərtəbə,160 000
Azadlıq Prospekti m.,4 otaqlı,180 m²,4/17 mərtəbə,350 000
Azadlıq Prospekti m.,3 otaqlı,150 m²,6/15 mərtəbə,350 000
Azadlıq Prospekti m.,3 otaqlı,80 m²,7/9 mərtəbə,210 000
Azadlıq Prospekti m.,3 otaqlı,128.6 m²,11/17 mərtəbə,270 000
Azadlıq Prospekti m.,2 otaqlı,96.5 m²,7/17 mərtəbə,193 000
Azadlıq Prospekti m.,3 otaqlı,70 m²,2/2 mərtəbə,90 000
Azadlıq Prospekti m.,2 otaqlı,67 m²,1/9 mərtəbə,155 000
Azadlıq Prospekti m.,3 otaqlı,80 m²,5/5 mərtəbə,135 000
Azadlıq Prospekti m.,3 otaqlı,110 m²,9/13 mərtəbə,264 000
Azadlıq Prospekti m.,3 otaqlı,107.7 m²,9/14 mərtəbə,263 865
Azadlıq Prospekti m.,3 otaqlı,107.7 m²,7/13 mərtəbə,263 865
Azadlıq Prospekti m.,3 otaqlı,58 m²,7/9 mərtəbə,155 000
Azadlıq Prospekti m.,1 otaqlı,35 m²,2/5 mərtəbə,101 500
Azadlıq Prospekti m.,3 otaqlı,80 m²,2/9 mərtəbə,180 000
Azadlıq Prospekti m.,4 otaqlı,100 m²,1/5 mərtəbə,208 000
Azadlıq Prospekti m.,2 otaqlı,95 m²,16/16 mərtəbə,205 000
Azadlıq Prospekti m.,2 otaqlı,98 m²,3/17 mərtəbə,275 000
Azadlıq Prospekti m.,2 otaqlı,67 m²,16/18 mərtəbə,180 000
Azadlıq Prospekti m.,2 otaqlı,67 m²,12/14 mərtəbə,205 000
Azadlıq Prospekti m.,2 otaqlı,65 m²,10/16 mərtəbə,159 000
Azadlıq Prospekti m.,2 otaqlı,74 m²,8/20 mərtəbə,148 000
Azadlıq Prospekti m.,4 otaqlı,160 m²,11/17 mərtəbə,376 000
Nəsimi m.,3 otaqlı,128.6 m²,11/17 mərtəbə,270 000
Azadlıq Prospekti m.,3 otaqlı,55 m²,1/5 mərtəbə,74 000
Azadlıq Prospekti m.,3 otaqlı,105 m²,13/17 mərtəbə,254 000
Azadlıq Prospekti m.,1 otaqlı,74 m²,11/20 mərtəbə,148 000
Azadlıq Prospekti m.,2 otaqlı,65 m²,3/9 mərtəbə,165 000
Azadlıq Prospekti m.,3 otaqlı,109 m²,8/17 mərtəbə,249 000
Azadlıq Prospekti m.,2 otaqlı,55 m²,18/18 mərtəbə,148 000
Azadlıq Prospekti m.,2 otaqlı,50 m²,2/5 mərtəbə,129 500
Azadlıq Prospekti m.,3 otaqlı,95 m²,6/18 mərtəbə,210 000
Azadlıq Prospekti m.,2 otaqlı,74 m²,7/17 mərtəbə,173 000
Azadlıq Prospekti m.,3 otaqlı,95 m²,5/9 mərtəbə,205 000
Azadlıq Prospekti m.,3 otaqlı,100 m²,15/17 mərtəbə,288 000
Azadlıq Prospekti m.,1 otaqlı,43 m²,3/9 mərtəbə,130 000
Azadlıq Prospekti m.,2 otaqlı,45 m²,5/5 mərtəbə,84 000
