location,room,area,floor,price
Nəriman Nərimanov m.,3 otaqlı,105.0,5,280000
Nəriman Nərimanov m.,3 otaqlı,138.0,15,258000
Nəriman Nərimanov m.,3 otaqlı,75.0,4,199000
Nəriman Nərimanov m.,2 otaqlı,50.0,9,140000
Nəriman Nərimanov m.,3 otaqlı,70.0,14,160000
Nəriman Nərimanov m.,2 otaqlı,87.0,14,185500
Nəriman Nərimanov m.,4 otaqlı,157.0,3,480000
Nəriman Nərimanov m.,2 otaqlı,100.0,11,240000
Nəriman Nərimanov m.,2 otaqlı,46.0,14,177000
Nəriman Nərimanov m.,3 otaqlı,100.0,7,330000
Nəriman Nərimanov m.,2 otaqlı,68.0,14,218000
Nəriman Nərimanov m.,3 otaqlı,129.0,7,365000
Nəriman Nərimanov m.,3 otaqlı,115.0,5,350000
Nəriman Nərimanov m.,4 otaqlı,145.0,6,275000
Nəriman Nərimanov m.,2 otaqlı,108.0,7,250000
Nəriman Nərimanov m.,2 otaqlı,75.0,8,255000
Nəriman Nərimanov m.,6 otaqlı,118.0,4,240000
Nəriman Nərimanov m.,3 otaqlı,60.0,8,155000
Nəriman Nərimanov m.,2 otaqlı,105.0,4,268000
Nəriman Nərimanov m.,4 otaqlı,162.0,15,405000
Nəriman Nərimanov m.,2 otaqlı,68.2,9,164000
Nəriman Nərimanov m.,4 otaqlı,122.3,5,293616
Nəriman Nərimanov m.,4 otaqlı,145.0,6,275000
Nəriman Nərimanov m.,4 otaqlı,104.0,5,355000
Nəriman Nərimanov m.,2 otaqlı,100.0,2,275000
Nəriman Nərimanov m.,2 otaqlı,70.0,10,165000
Nəriman Nərimanov m.,2 otaqlı,42.2,5,135000
Nəriman Nərimanov m.,2 otaqlı,40.7,3,100000
Nəriman Nərimanov m.,2 otaqlı,90.0,11,328000
Nəriman Nərimanov m.,2 otaqlı,91.0,7,243000
Nəriman Nərimanov m.,2 otaqlı,58.0,11,179000
Nəriman Nərimanov m.,2 otaqlı,68.0,14,218000
Nəriman Nərimanov m.,2 otaqlı,40.4,7,106000
Nəriman Nərimanov m.,2 otaqlı,48.0,3,160000
Nəriman Nərimanov m.,4 otaqlı,110.0,6,254000
Nəriman Nərimanov m.,2 otaqlı,103.0,4,165000
Nəriman Nərimanov m.,3 otaqlı,129.0,8,235000
Nəriman Nərimanov m.,2 otaqlı,80.0,15,249000
Nəriman Nərimanov m.,3 otaqlı,139.5,7,465000
Nəriman Nərimanov m.,4 otaqlı,171.4,11,512000
Nəriman Nərimanov m.,4 otaqlı,125.0,8,320000
Nəriman Nərimanov m.,3 otaqlı,94.0,7,245000
Nəriman Nərimanov m.,4 otaqlı,136.0,6,275000
Nəriman Nərimanov m.,3 otaqlı,80.0,15,310000
Nəriman Nərimanov m.,4 otaqlı,152.0,10,405000
Nəriman Nərimanov m.,2 otaqlı,70.0,9,231000
Nəriman Nərimanov m.,3 otaqlı,151.0,14,500000
Nəriman Nərimanov m.,4 otaqlı,136.0,6,275000
Nəriman Nərimanov m.,3 otaqlı,90.0,9,240000
Nəriman Nərimanov m.,2 otaqlı,67.0,6,198000
Nəriman Nərimanov m.,3 otaqlı,106.0,12,330000
Nəriman Nərimanov m.,3 otaqlı,115.0,5,350000
Nəriman Nərimanov m.,2 otaqlı,102.0,12,327000
Nəriman Nərimanov m.,2 otaqlı,117.0,14,234000
Nəriman Nərimanov m.,4 otaqlı,162.0,15,405000
Nəriman Nərimanov m.,5 otaqlı,210.0,2,410000
Nəriman Nərimanov m.,3 otaqlı,155.5,5,380000
Gənclik m.,4 otaqlı,166.3,15,808000
Nəriman Nərimanov m.,3 otaqlı,127.0,3,350000
Nəriman Nərimanov m.,3 otaqlı,85.0,15,309000
Nəriman Nərimanov m.,4 otaqlı,165.0,7,450000
Nəriman Nərimanov m.,4 otaqlı,136.0,6,275000
Nəriman Nərimanov m.,3 otaqlı,105.0,8,240000
Nəriman Nərimanov m.,2 otaqlı,95.0,16,245000
Nəriman Nərimanov m.,2 otaqlı,100.0,2,262000
Nəriman Nərimanov m.,4 otaqlı,185.0,16,650000
Nəriman Nərimanov m.,2 otaqlı,67.0,6,198000
Nəriman Nərimanov m.,2 otaqlı,50.0,1,220000
Nəriman Nərimanov m.,2 otaqlı,70.0,6,196000
Nəriman Nərimanov m.,2 otaqlı,56.0,8,172000
Nəriman Nərimanov m.,2 otaqlı,75.0,2,208000
Nəriman Nərimanov m.,2 otaqlı,67.0,6,196000
Nəriman Nərimanov m.,2 otaqlı,96.0,7,260000
Nəriman Nərimanov m.,3 otaqlı,140.0,6,480000
Nəriman Nərimanov m.,2 otaqlı,60.0,9,220000
Nəriman Nərimanov m.,3 otaqlı,85.0,15,309000
Nəriman Nərimanov m.,3 otaqlı,127.0,3,350000
Nəriman Nərimanov m.,2 otaqlı,86.6,15,184500
Nəriman Nərimanov m.,3 otaqlı,120.0,11,267000
Nəriman Nərimanov m.,3 otaqlı,85.0,5,273000
Nəriman Nərimanov m.,2 otaqlı,75.0,2,170000
Nəriman Nərimanov m.,3 otaqlı,126.0,3,350000
Nəriman Nərimanov m.,4 otaqlı,136.0,6,290000
Nəriman Nərimanov m.,2 otaqlı,90.0,8,192000
Nəriman Nərimanov m.,3 otaqlı,100.0,7,275000
Nəriman Nərimanov m.,3 otaqlı,140.0,6,480000
Nəriman Nərimanov m.,3 otaqlı,127.0,3,350000
Nəriman Nərimanov m.,3 otaqlı,83.0,12,265000
Nəriman Nərimanov m.,2 otaqlı,91.0,5,265000
Nəriman Nərimanov m.,4 otaqlı,215.0,5,516000
Nəriman Nərimanov m.,3 otaqlı,112.0,11,280000
Nəriman Nərimanov m.,1 otaqlı,41.0,1,109000
Nəriman Nərimanov m.,2 otaqlı,87.0,12,184500
Nəriman Nərimanov m.,2 otaqlı,75.0,12,268000
Nəriman Nərimanov m.,3 otaqlı,100.0,7,330000
Nəriman Nərimanov m.,2 otaqlı,75.0,11,265000
Nəriman Nərimanov m.,4 otaqlı,320.0,16,418000
Nəriman Nərimanov m.,3 otaqlı,78.0,4,170000
Nəriman Nərimanov m.,5 otaqlı,120.0,4,370000
Nəriman Nərimanov m.,2 otaqlı,51.0,5,160000
Nəriman Nərimanov m.,4 otaqlı,142.0,4,330000
Nəriman Nərimanov m.,2 otaqlı,50.0,8,159000
Nəriman Nərimanov m.,2 otaqlı,98.0,5,225000
Nəriman Nərimanov m.,3 otaqlı,105.0,4,260000
Nəriman Nərimanov m.,3 otaqlı,176.0,8,535000
Nəriman Nərimanov m.,2 otaqlı,80.0,3,245000
Nəriman Nərimanov m.,2 otaqlı,81.0,16,208000
Nəriman Nərimanov m.,4 otaqlı,165.0,2,340000
Nəriman Nərimanov m.,3 otaqlı,100.0,7,275000
Nəriman Nərimanov m.,3 otaqlı,70.0,4,170000
Nəriman Nərimanov m.,4 otaqlı,122.3,9,305850
Nəriman Nərimanov m.,4 otaqlı,122.3,9,305850
Nəriman Nərimanov m.,3 otaqlı,105.0,5,280000
Gənclik m.,4 otaqlı,166.3,15,808000
Nəriman Nərimanov m.,3 otaqlı,85.0,15,309000
Nəriman Nərimanov m.,3 otaqlı,130.0,8,235000
Nəriman Nərimanov m.,3 otaqlı,111.0,3,299500
Nəriman Nərimanov m.,2 otaqlı,57.0,5,157000
Nəriman Nərimanov m.,4 otaqlı,96.2,3,235000
Nəriman Nərimanov m.,2 otaqlı,54.0,4,199000
Nəriman Nərimanov m.,3 otaqlı,100.0,7,330000
Nəriman Nərimanov m.,3 otaqlı,132.0,11,380000
Nəriman Nərimanov m.,2 otaqlı,86.0,14,247999
Nəriman Nərimanov m.,3 otaqlı,129.0,8,235000
Nəriman Nərimanov m.,3 otaqlı,127.4,12,290000
Nəriman Nərimanov m.,4 otaqlı,164.0,3,330000
Nəriman Nərimanov m.,2 otaqlı,68.0,14,218000
Nəriman Nərimanov m.,2 otaqlı,55.0,4,199000
Nəriman Nərimanov m.,2 otaqlı,75.0,8,255000
Nəriman Nərimanov m.,3 otaqlı,90.0,9,240000
Nəriman Nərimanov m.,4 otaqlı,154.0,5,270000
Nəriman Nərimanov m.,2 otaqlı,55.0,9,175000
Nəriman Nərimanov m.,3 otaqlı,135.0,2,285000
Nəriman Nərimanov m.,3 otaqlı,125.0,16,450000
Nəriman Nərimanov m.,5 otaqlı,225.0,12,600000
Nəriman Nərimanov m.,4 otaqlı,164.0,3,496000
Nəriman Nərimanov m.,3 otaqlı,72.0,6,218000
Nəriman Nərimanov m.,4 otaqlı,207.0,11,589950
Nəriman Nərimanov m.,3 otaqlı,152.0,14,425000
Nəriman Nərimanov m.,3 otaqlı,75.0,4,199000
Nəriman Nərimanov m.,3 otaqlı,83.0,12,265000
Nəriman Nərimanov m.,2 otaqlı,91.0,7,243000
Nəriman Nərimanov m.,2 otaqlı,84.0,14,275000
Nəriman Nərimanov m.,2 otaqlı,60.0,7,168000
Nəriman Nərimanov m.,3 otaqlı,133.0,12,350000
Nəriman Nərimanov m.,3 otaqlı,125.0,16,450000
Nəriman Nərimanov m.,3 otaqlı,137.0,9,460000
Nəriman Nərimanov m.,2 otaqlı,84.0,14,275000
Nəriman Nərimanov m.,4 otaqlı,177.0,5,530000
Nəriman Nərimanov m.,4 otaqlı,141.0,6,275000
Nəriman Nərimanov m.,4 otaqlı,217.0,7,485000
Nəriman Nərimanov m.,4 otaqlı,182.0,16,620000
Nəriman Nərimanov m.,3 otaqlı,135.0,11,385500
Nəriman Nərimanov m.,4 otaqlı,176.0,5,530000
Nəriman Nərimanov m.,2 otaqlı,55.0,3,215000
Nəriman Nərimanov m.,2 otaqlı,100.0,2,255000
Nəriman Nərimanov m.,3 otaqlı,75.0,4,170000
Gənclik m.,2 otaqlı,60.0,8,205000
Nəriman Nərimanov m.,3 otaqlı,102.0,8,330000
Nəriman Nərimanov m.,2 otaqlı,92.0,3,265000
Nəriman Nərimanov m.,4 otaqlı,134.0,13,495000
Nəriman Nərimanov m.,3 otaqlı,117.0,3,248000
Nəriman Nərimanov m.,4 otaqlı,165.0,14,395000
Nəriman Nərimanov m.,4 otaqlı,180.0,5,530000
Nəriman Nərimanov m.,3 otaqlı,135.0,9,273000
Nəriman Nərimanov m.,3 otaqlı,120.0,4,358000
Nəriman Nərimanov m.,3 otaqlı,80.0,14,258000
Nəriman Nərimanov m.,6 otaqlı,175.0,3,495000
Nəriman Nərimanov m.,4 otaqlı,96.2,3,235000
Nəriman Nərimanov m.,2 otaqlı,85.0,8,270000
Nəriman Nərimanov m.,4 otaqlı,137.0,9,275000
Nəriman Nərimanov m.,2 otaqlı,91.0,7,243000
Nəriman Nərimanov m.,2 otaqlı,50.0,9,140000
Nəriman Nərimanov m.,4 otaqlı,136.0,6,275000
Nəriman Nərimanov m.,3 otaqlı,77.0,4,165000
Nəriman Nərimanov m.,3 otaqlı,83.0,12,265000
Nəriman Nərimanov m.,2 otaqlı,60.0,5,157000
Nəriman Nərimanov m.,2 otaqlı,105.0,8,260000
Nəriman Nərimanov m.,4 otaqlı,164.0,8,450000
Nəriman Nərimanov m.,3 otaqlı,148.0,14,369000
Nəriman Nərimanov m.,4 otaqlı,162.0,15,405000
Nəriman Nərimanov m.,3 otaqlı,72.0,4,170000
Nəriman Nərimanov m.,2 otaqlı,62.0,7,199000
Nəriman Nərimanov m.,2 otaqlı,60.0,4,125000
Nəriman Nərimanov m.,2 otaqlı,85.0,18,210000
Nəriman Nərimanov m.,2 otaqlı,65.0,16,215000
Nəriman Nərimanov m.,3 otaqlı,130.0,9,280000
Nəriman Nərimanov m.,4 otaqlı,102.0,8,275000
Nəriman Nərimanov m.,4 otaqlı,145.0,10,425000
Nəriman Nərimanov m.,3 otaqlı,130.0,12,268000
Nəriman Nərimanov m.,3 otaqlı,98.0,11,255000
Nəriman Nərimanov m.,1 otaqlı,54.0,4,170000
Nəriman Nərimanov m.,3 otaqlı,142.0,3,255500
Nəriman Nərimanov m.,3 otaqlı,108.0,17,250000
Nəriman Nərimanov m.,2 otaqlı,75.0,5,235000
Nəriman Nərimanov m.,2 otaqlı,92.0,3,265000
Nəriman Nərimanov m.,2 otaqlı,69.0,4,204000
Nəriman Nərimanov m.,3 otaqlı,85.0,15,309000
Nəriman Nərimanov m.,2 otaqlı,55.0,7,189000
Nəriman Nərimanov m.,3 otaqlı,150.0,10,330000
Nəriman Nərimanov m.,3 otaqlı,125.0,8,425000
Nəriman Nərimanov m.,3 otaqlı,83.7,15,309000
Nəriman Nərimanov m.,3 otaqlı,94.0,7,285000
Nəriman Nərimanov m.,3 otaqlı,100.0,7,329000
Nəriman Nərimanov m.,4 otaqlı,137.0,9,275000
Nəriman Nərimanov m.,4 otaqlı,177.0,3,540000
Nəriman Nərimanov m.,2 otaqlı,36.0,1,132000
Nəriman Nərimanov m.,2 otaqlı,95.0,5,264500
Nəriman Nərimanov m.,3 otaqlı,118.0,4,358000
Nəriman Nərimanov m.,2 otaqlı,50.0,14,177000
Nəriman Nərimanov m.,2 otaqlı,68.0,14,218000
Nəriman Nərimanov m.,2 otaqlı,90.0,11,328000
Nəriman Nərimanov m.,3 otaqlı,71.0,6,215000
Nəriman Nərimanov m.,2 otaqlı,91.0,5,265000
Nəriman Nərimanov m.,1 otaqlı,35.0,9,107000
Nəriman Nərimanov m.,4 otaqlı,180.0,12,350000
Nəriman Nərimanov m.,2 otaqlı,50.0,5,144000
Nəriman Nərimanov m.,6 otaqlı,650.0,17,870000
Nəriman Nərimanov m.,3 otaqlı,60.0,4,165000
Nəriman Nərimanov m.,3 otaqlı,99.0,2,270000
Nəriman Nərimanov m.,3 otaqlı,100.0,7,330000
Nəriman Nərimanov m.,2 otaqlı,77.0,7,220000
Gənclik m.,2 otaqlı,60.0,8,205000
Nəriman Nərimanov m.,2 otaqlı,91.0,7,243000
Nəriman Nərimanov m.,2 otaqlı,50.0,14,177000
Nəriman Nərimanov m.,2 otaqlı,70.0,6,196000
Nəriman Nərimanov m.,3 otaqlı,110.0,12,289900
Nəriman Nərimanov m.,2 otaqlı,95.0,5,265000
Nəriman Nərimanov m.,3 otaqlı,60.0,2,184000
Nəriman Nərimanov m.,4 otaqlı,160.0,2,450000
Nəriman Nərimanov m.,4 otaqlı,176.0,5,530000
Nəriman Nərimanov m.,3 otaqlı,135.0,16,320000
Nəriman Nərimanov m.,3 otaqlı,92.0,16,360000
Nəriman Nərimanov m.,3 otaqlı,115.0,5,350000
Nəriman Nərimanov m.,3 otaqlı,100.0,7,270000
Nəriman Nərimanov m.,2 otaqlı,96.0,2,263000
Nəriman Nərimanov m.,4 otaqlı,165.0,2,355000
Nəriman Nərimanov m.,4 otaqlı,170.0,15,550000
Nəriman Nərimanov m.,3 otaqlı,85.0,14,215000
Nəriman Nərimanov m.,3 otaqlı,105.0,5,280000
Nəriman Nərimanov m.,2 otaqlı,50.0,9,140000
Nəriman Nərimanov m.,4 otaqlı,165.0,11,350000
Nəriman Nərimanov m.,2 otaqlı,87.0,13,184000
Nəriman Nərimanov m.,3 otaqlı,130.0,6,318000
Nəriman Nərimanov m.,2 otaqlı,55.0,7,189000
Nəriman Nərimanov m.,3 otaqlı,70.0,4,170000
Nəriman Nərimanov m.,2 otaqlı,67.0,5,235000
Nəriman Nərimanov m.,3 otaqlı,75.0,4,170000
Nəriman Nərimanov m.,3 otaqlı,140.0,6,480000
Nəriman Nərimanov m.,3 otaqlı,155.0,3,255000
Nəriman Nərimanov m.,3 otaqlı,135.0,2,285000
Nəriman Nərimanov m.,3 otaqlı,130.0,6,318000
Nəriman Nərimanov m.,3 otaqlı,155.5,5,380000
Nəriman Nərimanov m.,3 otaqlı,129.0,8,235000
Nəriman Nərimanov m.,3 otaqlı,94.0,16,360000
Nəriman Nərimanov m.,2 otaqlı,87.0,12,185000
Nəriman Nərimanov m.,3 otaqlı,87.0,11,244000
Nəriman Nərimanov m.,2 otaqlı,80.0,15,310000
Nəriman Nərimanov m.,3 otaqlı,90.0,2,190000
Nəriman Nərimanov m.,3 otaqlı,100.0,12,290000
Nəriman Nərimanov m.,2 otaqlı,70.0,5,215000
Gənclik m.,3 otaqlı,140.0,6,480000
Nəriman Nərimanov m.,2 otaqlı,90.0,13,355000
Nəriman Nərimanov m.,3 otaqlı,116.3,15,335000
Nəriman Nərimanov m.,4 otaqlı,100.0,3,235000
Nəriman Nərimanov m.,3 otaqlı,83.0,8,259500
Nəriman Nərimanov m.,2 otaqlı,40.0,5,129000
Nəriman Nərimanov m.,3 otaqlı,110.0,7,320000
Nəriman Nərimanov m.,3 otaqlı,70.0,4,170000
Nəriman Nərimanov m.,3 otaqlı,138.0,15,258000
Nəriman Nərimanov m.,5 otaqlı,120.0,4,340000
Nəriman Nərimanov m.,4 otaqlı,180.0,16,650000
Nəriman Nərimanov m.,2 otaqlı,35.0,1,140000
Nəriman Nərimanov m.,3 otaqlı,152.0,7,335000
Nəriman Nərimanov m.,3 otaqlı,138.0,15,258000
Nəriman Nərimanov m.,3 otaqlı,137.0,8,390450
Nəriman Nərimanov m.,3 otaqlı,132.0,7,365000
Nəriman Nərimanov m.,2 otaqlı,57.0,5,167450
Gənclik m.,3 otaqlı,143.9,15,707000
Gənclik m.,2 otaqlı,78.2,12,365976
Gənclik m.,2 otaqlı,60.0,8,205000
Gənclik m.,3 otaqlı,90.0,7,195000
Gənclik m.,2 otaqlı,60.0,5,116000
Gənclik m.,2 otaqlı,65.0,8,165000
Gənclik m.,5 otaqlı,170.0,6,430000
Gənclik m.,3 otaqlı,90.0,7,295000
Gənclik m.,4 otaqlı,167.0,6,355000
Gənclik m.,1 otaqlı,73.0,10,199900
Gənclik m.,1 otaqlı,31.0,3,125000
Gənclik m.,2 otaqlı,52.0,4,135000
Gənclik m.,3 otaqlı,111.0,7,320000
Nəriman Nərimanov m.,2 otaqlı,70.0,10,165000
Nəriman Nərimanov m.,2 otaqlı,42.2,5,135000
Gənclik m.,2 otaqlı,65.5,1,160000
Gənclik m.,3 otaqlı,80.0,5,200000
Nəriman Nərimanov m.,3 otaqlı,139.5,7,465000
Gənclik m.,4 otaqlı,147.0,7,360000
Gənclik m.,3 otaqlı,80.0,6,215000
Gənclik m.,3 otaqlı,145.0,12,297000
Gənclik m.,3 otaqlı,177.0,9,275000
Gənclik m.,2 otaqlı,60.0,3,172000
Gənclik m.,4 otaqlı,105.0,5,195000
Gənclik m.,3 otaqlı,100.0,3,255000
Gənclik m.,2 otaqlı,68.0,12,195000
Gənclik m.,4 otaqlı,157.0,9,425000
Gənclik m.,3 otaqlı,90.0,7,195000
Gənclik m.,3 otaqlı,114.7,14,330000
Gənclik m.,2 otaqlı,60.0,6,175000
Gənclik m.,3 otaqlı,90.0,7,195000
Gənclik m.,2 otaqlı,68.0,12,195000
Gənclik m.,3 otaqlı,82.0,6,229000
Gənclik m.,4 otaqlı,120.0,6,254000
Gənclik m.,2 otaqlı,65.0,3,158000
Gənclik m.,3 otaqlı,75.0,4,165000
Gənclik m.,3 otaqlı,70.0,3,165000
Gənclik m.,3 otaqlı,140.0,6,480000
Gənclik m.,3 otaqlı,90.0,4,205000
Gənclik m.,3 otaqlı,90.0,1,196000
Nəriman Nərimanov m.,3 otaqlı,111.0,3,299500
Gənclik m.,2 otaqlı,60.0,8,165000
Gənclik m.,2 otaqlı,64.0,14,205000
Gənclik m.,3 otaqlı,85.0,4,215000
Gənclik m.,2 otaqlı,60.0,17,190000
Gənclik m.,3 otaqlı,130.0,17,295000
Gənclik m.,3 otaqlı,140.0,14,379000
Gənclik m.,3 otaqlı,90.0,1,197000
Gənclik m.,3 otaqlı,115.0,17,285000
Gənclik m.,3 otaqlı,95.0,4,215000
Gənclik m.,3 otaqlı,141.0,3,261000
Gənclik m.,4 otaqlı,110.0,6,254000
Gənclik m.,4 otaqlı,179.0,16,462000
Gənclik m.,4 otaqlı,105.0,7,260000
Gənclik m.,3 otaqlı,142.0,8,369000
Gənclik m.,2 otaqlı,60.0,8,205000
Gənclik m.,3 otaqlı,90.0,1,197000
Gənclik m.,2 otaqlı,64.0,14,205000
Gənclik m.,2 otaqlı,60.0,17,190000
Gənclik m.,3 otaqlı,90.0,4,220000
Gənclik m.,2 otaqlı,65.0,7,165000
Gənclik m.,2 otaqlı,88.0,10,220000
Gənclik m.,4 otaqlı,110.0,7,260000
Gənclik m.,4 otaqlı,166.0,8,332000
Gənclik m.,7 otaqlı,400.0,11,1800000
Gənclik m.,3 otaqlı,114.7,14,320000
Gənclik m.,3 otaqlı,110.0,7,320000
Gənclik m.,3 otaqlı,187.0,6,570000
Gənclik m.,3 otaqlı,129.0,14,316000
Nəriman Nərimanov m.,3 otaqlı,125.0,8,425000
Gənclik m.,2 otaqlı,70.0,2,170000
Gənclik m.,2 otaqlı,60.0,6,175000
Gənclik m.,4 otaqlı,117.0,1,160000
Gənclik m.,3 otaqlı,130.0,13,449000
Gənclik m.,3 otaqlı,140.0,14,379000
Gənclik m.,2 otaqlı,54.0,2,182000
Gənclik m.,2 otaqlı,56.0,8,165000
Nəriman Nərimanov m.,3 otaqlı,118.0,4,358000
Nəriman Nərimanov m.,3 otaqlı,71.0,6,215000
Gənclik m.,3 otaqlı,110.0,7,320000
Nəriman Nərimanov m.,1 otaqlı,35.0,9,107000
Gənclik m.,2 otaqlı,65.0,3,172000
Gənclik m.,2 otaqlı,113.0,7,316400
Nəriman Nərimanov m.,3 otaqlı,99.0,2,270000
Gənclik m.,4 otaqlı,117.0,1,160000
Gənclik m.,2 otaqlı,64.0,14,205000
Gənclik m.,3 otaqlı,160.0,11,630000
Gənclik m.,2 otaqlı,68.0,12,195000
Gənclik m.,2 otaqlı,56.0,4,135000
Gənclik m.,3 otaqlı,136.0,13,319000
Gənclik m.,3 otaqlı,90.0,4,219000
Gənclik m.,2 otaqlı,65.0,8,165000
Gənclik m.,3 otaqlı,110.0,7,320000
Gənclik m.,2 otaqlı,52.0,4,135000
Gənclik m.,3 otaqlı,160.0,8,329000
Gənclik m.,4 otaqlı,170.0,8,325000
Gənclik m.,2 otaqlı,50.0,3,171500
Nəriman Nərimanov m.,3 otaqlı,140.0,6,480000
Gənclik m.,3 otaqlı,91.0,5,278000
Gənclik m.,3 otaqlı,140.0,6,480000
Gənclik m.,3 otaqlı,114.0,4,248000
Gənclik m.,4 otaqlı,155.0,9,410000
Gənclik m.,2 otaqlı,55.0,4,215000
Gənclik m.,3 otaqlı,160.0,11,630000
Gənclik m.,3 otaqlı,130.0,13,450000
Nəriman Nərimanov m.,3 otaqlı,118.0,4,358000
Gənclik m.,3 otaqlı,75.0,6,215000
Gənclik m.,3 otaqlı,85.0,6,208000
Gənclik m.,3 otaqlı,140.0,6,480000
Gənclik m.,3 otaqlı,90.0,4,220000
Nəriman Nərimanov m.,3 otaqlı,87.0,1,198000
Nəriman Nərimanov m.,2 otaqlı,42.0,5,135000
Gənclik m.,3 otaqlı,115.0,2,297000
Gənclik m.,3 otaqlı,85.0,4,215000
Gənclik m.,7 otaqlı,400.0,11,1800000
Gənclik m.,7 otaqlı,270.0,16,945000
Gənclik m.,3 otaqlı,125.0,6,425000
Gənclik m.,2 otaqlı,70.0,16,220000
Gənclik m.,7 otaqlı,270.0,16,945000
Gənclik m.,3 otaqlı,70.0,2,170000
Gənclik m.,3 otaqlı,80.0,6,215000
Gənclik m.,4 otaqlı,100.0,6,255000
Gənclik m.,2 otaqlı,78.2,12,365976
Gənclik m.,3 otaqlı,114.7,14,330000
Gənclik m.,3 otaqlı,135.0,14,445000
Gənclik m.,2 otaqlı,59.0,7,170000
Gənclik m.,3 otaqlı,140.0,6,479000
Gənclik m.,2 otaqlı,64.0,14,205000
Gənclik m.,4 otaqlı,232.0,9,440000
Nəriman Nərimanov m.,2 otaqlı,58.0,11,179000
Gənclik m.,4 otaqlı,178.0,15,489500
Gənclik m.,3 otaqlı,80.0,18,129000
Gənclik m.,4 otaqlı,115.0,6,255000
Gənclik m.,5 otaqlı,290.0,7,780000
Gənclik m.,3 otaqlı,138.0,14,350000
Gənclik m.,3 otaqlı,115.0,7,315000
Gənclik m.,4 otaqlı,210.0,7,790000
Gənclik m.,2 otaqlı,96.0,6,275000
Nəriman Nərimanov m.,3 otaqlı,95.0,4,255000
Gənclik m.,4 otaqlı,208.0,7,790000
Gənclik m.,3 otaqlı,115.0,17,285000
Gənclik m.,2 otaqlı,52.0,4,135000
Gənclik m.,2 otaqlı,60.0,17,190000
Gənclik m.,7 otaqlı,400.0,11,1800000
Gənclik m.,3 otaqlı,145.0,13,379000
Nəriman Nərimanov m.,3 otaqlı,95.0,8,260000
Nəriman Nərimanov m.,3 otaqlı,93.0,11,240000
Gənclik m.,4 otaqlı,170.0,9,450000
Gənclik m.,3 otaqlı,115.0,2,297000
Gənclik m.,2 otaqlı,105.0,8,265000
Gənclik m.,2 otaqlı,60.0,18,190000
Gənclik m.,3 otaqlı,143.9,15,707000
Gənclik m.,4 otaqlı,166.3,15,808000
Gənclik m.,2 otaqlı,75.5,18,198000
Gənclik m.,3 otaqlı,165.0,8,500000
Gənclik m.,3 otaqlı,75.0,6,169000
Gənclik m.,3 otaqlı,110.0,7,320000
Gənclik m.,2 otaqlı,33.3,4,117000
Gənclik m.,4 otaqlı,120.0,7,260000
Gənclik m.,5 otaqlı,400.0,4,1800000
Gənclik m.,2 otaqlı,91.0,7,236000
Gənclik m.,2 otaqlı,60.0,6,205000
Gənclik m.,4 otaqlı,84.0,7,260000
Nəriman Nərimanov m.,2 otaqlı,60.0,7,199000
Gənclik m.,2 otaqlı,60.0,8,165000
Gənclik m.,2 otaqlı,65.0,1,160000
Gənclik m.,3 otaqlı,139.5,6,490000
Gənclik m.,3 otaqlı,107.0,14,247000
Gənclik m.,4 otaqlı,166.3,15,808000
Gənclik m.,3 otaqlı,138.0,14,350000
Gənclik m.,3 otaqlı,90.0,4,220000
Gənclik m.,2 otaqlı,52.0,4,135000
Gənclik m.,3 otaqlı,85.0,6,229000
Gənclik m.,3 otaqlı,85.0,9,187000
Gənclik m.,2 otaqlı,50.0,4,135000
Gənclik m.,4 otaqlı,136.0,13,319000
Gənclik m.,3 otaqlı,140.0,6,480000
Gənclik m.,2 otaqlı,45.0,4,135000
Gənclik m.,2 otaqlı,35.0,5,125000
Gənclik m.,4 otaqlı,220.0,11,704000
Gənclik m.,2 otaqlı,78.0,11,366600
Gənclik m.,2 otaqlı,60.0,7,165000
Gənclik m.,3 otaqlı,92.0,8,249000
Gənclik m.,3 otaqlı,65.0,4,165000
Gənclik m.,3 otaqlı,140.0,13,379000
Gənclik m.,3 otaqlı,190.0,5,370000
Gənclik m.,2 otaqlı,75.0,4,173000
Gənclik m.,5 otaqlı,265.0,4,690000
Gənclik m.,5 otaqlı,300.0,7,780000
Gənclik m.,2 otaqlı,80.0,2,257000
Gənclik m.,3 otaqlı,75.0,3,225000
Gənclik m.,2 otaqlı,47.0,9,138000
Gənclik m.,2 otaqlı,66.0,6,210000
Gənclik m.,4 otaqlı,205.0,15,350000
Gənclik m.,2 otaqlı,90.0,16,267000
Gənclik m.,3 otaqlı,165.0,13,385000
Gənclik m.,2 otaqlı,60.0,8,165000
Gənclik m.,3 otaqlı,90.0,7,295000
Gənclik m.,3 otaqlı,140.0,14,379000
Nəriman Nərimanov m.,2 otaqlı,58.0,11,179000
Gənclik m.,3 otaqlı,85.0,6,172000
Gənclik m.,2 otaqlı,50.0,1,139000
Gənclik m.,2 otaqlı,45.0,3,172000
Gənclik m.,1 otaqlı,50.0,9,105000
Gənclik m.,3 otaqlı,180.0,6,370000
Gənclik m.,2 otaqlı,90.4,6,237000
Gənclik m.,3 otaqlı,140.0,6,480000
Gənclik m.,3 otaqlı,115.0,6,310000
Gənclik m.,2 otaqlı,65.0,1,160000
Gənclik m.,4 otaqlı,202.0,14,430000
Gənclik m.,2 otaqlı,67.0,4,214000
Nəriman Nərimanov m.,4 otaqlı,50.0,4,121500
Gənclik m.,2 otaqlı,113.0,7,315000
Gənclik m.,3 otaqlı,70.0,6,210000
Gənclik m.,2 otaqlı,35.0,4,110000
Gənclik m.,3 otaqlı,116.0,6,310000
Gənclik m.,2 otaqlı,63.0,10,198000
Gənclik m.,1 otaqlı,35.0,4,117000
Nəriman Nərimanov m.,4 otaqlı,201.0,8,500000
Gənclik m.,3 otaqlı,140.0,6,480000
Gənclik m.,3 otaqlı,65.0,4,165000
Nəriman Nərimanov m.,3 otaqlı,140.0,7,480000
Gənclik m.,3 otaqlı,140.0,7,465000
Gənclik m.,3 otaqlı,103.0,14,244800
Gənclik m.,4 otaqlı,155.0,9,410000
Gənclik m.,4 otaqlı,166.3,15,808000
Gənclik m.,2 otaqlı,60.0,6,175000
Gənclik m.,3 otaqlı,85.0,4,215000
Nəriman Nərimanov m.,3 otaqlı,80.0,4,198500
Gənclik m.,3 otaqlı,95.0,16,243000
Gənclik m.,2 otaqlı,40.0,5,125000
Gənclik m.,3 otaqlı,198.0,15,460000
Gənclik m.,3 otaqlı,159.0,3,254500
Gənclik m.,3 otaqlı,143.0,8,329000
Gənclik m.,3 otaqlı,97.6,6,380000
Gənclik m.,3 otaqlı,85.0,14,215000
Gənclik m.,2 otaqlı,70.0,17,170000
Nəriman Nərimanov m.,2 otaqlı,80.0,1,160000
Gənclik m.,3 otaqlı,134.0,11,388600
Gənclik m.,3 otaqlı,75.0,6,176000
Gənclik m.,2 otaqlı,55.0,3,124000
Nəriman Nərimanov m.,3 otaqlı,85.0,2,245000
Gənclik m.,4 otaqlı,183.0,15,283000
Gənclik m.,3 otaqlı,120.0,4,357000
Gənclik m.,4 otaqlı,200.0,6,600000
Gənclik m.,2 otaqlı,50.0,4,135000
Gənclik m.,2 otaqlı,44.0,4,135000
Nəriman Nərimanov m.,3 otaqlı,80.0,15,258000
Gənclik m.,3 otaqlı,85.0,4,220000
Gənclik m.,4 otaqlı,181.0,11,590000
Gənclik m.,3 otaqlı,130.0,15,420000
Gənclik m.,2 otaqlı,105.0,3,320000
Gənclik m.,3 otaqlı,138.0,14,350000
Gənclik m.,2 otaqlı,60.0,8,205000
Gənclik m.,7 otaqlı,270.0,16,945000
Gənclik m.,4 otaqlı,208.0,7,790000
Gənclik m.,2 otaqlı,64.0,14,205000
Gənclik m.,2 otaqlı,95.0,14,345000
Gənclik m.,2 otaqlı,60.0,4,155000
Gənclik m.,2 otaqlı,92.0,14,150000
Gənclik m.,1 otaqlı,40.0,5,105000
Gənclik m.,2 otaqlı,92.0,9,280000
Nəriman Nərimanov m.,3 otaqlı,64.0,5,180000
Gənclik m.,2 otaqlı,65.0,9,220000
Gənclik m.,3 otaqlı,79.0,14,259000
Nəriman Nərimanov m.,3 otaqlı,140.0,6,480000
Nəriman Nərimanov m.,1 otaqlı,55.0,15,175000
Gənclik m.,3 otaqlı,85.0,4,265000
Nəriman Nərimanov m.,2 otaqlı,92.0,11,240000
Nəriman Nərimanov m.,3 otaqlı,140.0,6,480000
Gənclik m.,3 otaqlı,112.0,6,310000
Nəriman Nərimanov m.,3 otaqlı,100.0,4,260000
Gənclik m.,3 otaqlı,140.0,5,480000
Nəriman Nərimanov m.,4 otaqlı,190.0,15,299000
Gənclik m.,2 otaqlı,55.0,4,135000
Gənclik m.,3 otaqlı,140.0,8,330000
Gənclik m.,2 otaqlı,57.0,5,170000
Gənclik m.,3 otaqlı,105.0,5,275000
Gənclik m.,2 otaqlı,80.0,2,285000
Gənclik m.,3 otaqlı,140.0,6,480000
Neftçilər m.,2 otaqlı,46.0,2,114000
Qara Qarayev m.,2 otaqlı,75.0,14,195000
Qara Qarayev m.,2 otaqlı,62.0,3,155000
Qara Qarayev m.,3 otaqlı,78.0,13,205000
Qara Qarayev m.,2 otaqlı,70.0,4,158000
Qara Qarayev m.,2 otaqlı,83.0,7,172000
Qara Qarayev m.,2 otaqlı,70.0,8,175000
Qara Qarayev m.,2 otaqlı,70.0,8,175000
Qara Qarayev m.,2 otaqlı,60.0,3,162000
Qara Qarayev m.,3 otaqlı,137.0,14,326000
Qara Qarayev m.,2 otaqlı,62.0,8,165000
Qara Qarayev m.,1 otaqlı,37.0,14,86000
Qara Qarayev m.,2 otaqlı,69.0,4,158000
Neftçilər m.,2 otaqlı,70.0,7,164000
Qara Qarayev m.,3 otaqlı,120.0,3,250700
Qara Qarayev m.,2 otaqlı,70.0,8,175000
Qara Qarayev m.,2 otaqlı,62.0,3,155000
Qara Qarayev m.,2 otaqlı,58.0,12,167000
Qara Qarayev m.,2 otaqlı,70.0,8,175000
Qara Qarayev m.,4 otaqlı,150.0,5,233000
Qara Qarayev m.,3 otaqlı,150.0,5,245000
Qara Qarayev m.,3 otaqlı,105.0,9,275000
Qara Qarayev m.,3 otaqlı,137.0,13,328000
Qara Qarayev m.,2 otaqlı,55.0,2,115000
Qara Qarayev m.,3 otaqlı,110.0,20,261000
Qara Qarayev m.,3 otaqlı,160.0,4,250000
Qara Qarayev m.,3 otaqlı,113.0,12,285000
Qara Qarayev m.,3 otaqlı,98.0,3,230000
Qara Qarayev m.,2 otaqlı,108.0,9,200000
Neftçilər m.,3 otaqlı,135.0,12,359000
Qara Qarayev m.,2 otaqlı,53.0,6,137000
Qara Qarayev m.,2 otaqlı,70.0,8,175000
Qara Qarayev m.,3 otaqlı,135.0,8,315000
Qara Qarayev m.,3 otaqlı,100.0,10,188000
Qara Qarayev m.,3 otaqlı,160.0,2,318000
Qara Qarayev m.,3 otaqlı,115.0,3,227000
Qara Qarayev m.,3 otaqlı,120.0,14,300000
Neftçilər m.,3 otaqlı,87.0,11,215000
Qara Qarayev m.,2 otaqlı,55.0,4,122000
Qara Qarayev m.,2 otaqlı,108.4,9,200000
Qara Qarayev m.,1 otaqlı,37.0,14,86000
Qara Qarayev m.,3 otaqlı,137.0,4,325000
Qara Qarayev m.,1 otaqlı,39.0,15,92000
Qara Qarayev m.,3 otaqlı,77.0,14,205000
Qara Qarayev m.,2 otaqlı,78.0,14,195000
Qara Qarayev m.,2 otaqlı,64.0,8,165000
Qara Qarayev m.,2 otaqlı,70.0,8,175000
Qara Qarayev m.,3 otaqlı,120.0,15,300000
Qara Qarayev m.,2 otaqlı,60.0,11,164000
Qara Qarayev m.,4 otaqlı,123.0,4,275000
Qara Qarayev m.,1 otaqlı,46.0,12,111500
Qara Qarayev m.,3 otaqlı,70.0,2,165000
Qara Qarayev m.,3 otaqlı,127.0,15,245000
Qara Qarayev m.,3 otaqlı,127.4,11,253000
Qara Qarayev m.,1 otaqlı,46.0,12,111500
Qara Qarayev m.,4 otaqlı,123.0,5,275000
Neftçilər m.,2 otaqlı,70.0,7,164000
Qara Qarayev m.,3 otaqlı,110.0,4,240000
Qara Qarayev m.,3 otaqlı,137.0,14,326000
Qara Qarayev m.,2 otaqlı,62.0,3,155000
Qara Qarayev m.,3 otaqlı,137.0,4,325000
Neftçilər m.,3 otaqlı,76.0,2,165000
Qara Qarayev m.,1 otaqlı,40.0,2,116000
Qara Qarayev m.,4 otaqlı,143.0,9,330000
Qara Qarayev m.,2 otaqlı,90.0,8,189000
Qara Qarayev m.,2 otaqlı,85.0,4,225000
Qara Qarayev m.,3 otaqlı,80.0,12,205000
Qara Qarayev m.,2 otaqlı,60.0,6,162000
Qara Qarayev m.,2 otaqlı,80.0,14,195000
Qara Qarayev m.,2 otaqlı,60.0,10,167000
Qara Qarayev m.,3 otaqlı,125.0,6,270000
Qara Qarayev m.,3 otaqlı,88.0,11,185000
Qara Qarayev m.,2 otaqlı,90.0,8,189000
Qara Qarayev m.,2 otaqlı,60.0,16,156000
Qara Qarayev m.,2 otaqlı,53.0,6,137000
Qara Qarayev m.,1 otaqlı,35.0,5,82000
Qara Qarayev m.,3 otaqlı,90.0,4,195000
Qara Qarayev m.,2 otaqlı,60.0,10,164000
Neftçilər m.,2 otaqlı,55.0,1,120000
Qara Qarayev m.,2 otaqlı,80.0,14,195000
Qara Qarayev m.,3 otaqlı,78.0,12,205000
Qara Qarayev m.,2 otaqlı,90.0,8,189000
Qara Qarayev m.,3 otaqlı,120.0,14,300000
Qara Qarayev m.,3 otaqlı,65.0,2,165000
Qara Qarayev m.,3 otaqlı,110.0,4,240000
Neftçilər m.,3 otaqlı,130.0,2,245000
Qara Qarayev m.,2 otaqlı,70.0,8,175000
Neftçilər m.,2 otaqlı,70.0,7,164000
Qara Qarayev m.,3 otaqlı,125.0,10,350000
Qara Qarayev m.,3 otaqlı,70.0,2,165000
Qara Qarayev m.,2 otaqlı,60.0,16,156000
Qara Qarayev m.,3 otaqlı,125.0,10,350000
Qara Qarayev m.,3 otaqlı,125.0,10,350000
Qara Qarayev m.,2 otaqlı,85.0,3,225000
Qara Qarayev m.,4 otaqlı,100.0,3,250000
Qara Qarayev m.,2 otaqlı,75.0,14,195000
Qara Qarayev m.,2 otaqlı,70.0,16,190000
Qara Qarayev m.,1 otaqlı,55.0,2,115000
Qara Qarayev m.,2 otaqlı,90.0,8,189000
Qara Qarayev m.,3 otaqlı,115.0,12,280000
Qara Qarayev m.,1 otaqlı,55.0,2,115000
Qara Qarayev m.,3 otaqlı,135.0,5,335000
Qara Qarayev m.,3 otaqlı,85.0,4,172000
Qara Qarayev m.,2 otaqlı,73.0,2,173000
Neftçilər m.,3 otaqlı,106.0,9,245000
Qara Qarayev m.,2 otaqlı,60.0,11,162000
Qara Qarayev m.,3 otaqlı,95.0,8,248000
Qara Qarayev m.,3 otaqlı,103.0,11,215000
Qara Qarayev m.,2 otaqlı,85.0,3,225000
Qara Qarayev m.,1 otaqlı,55.0,2,115000
Qara Qarayev m.,3 otaqlı,104.0,16,195000
Qara Qarayev m.,2 otaqlı,70.0,8,175000
Neftçilər m.,3 otaqlı,135.0,12,359000
Qara Qarayev m.,2 otaqlı,58.0,12,167000
Qara Qarayev m.,4 otaqlı,186.0,17,550000
Qara Qarayev m.,2 otaqlı,108.0,9,200000
Qara Qarayev m.,3 otaqlı,158.0,12,308000
Qara Qarayev m.,3 otaqlı,110.0,4,265000
Qara Qarayev m.,4 otaqlı,178.0,11,375000
Qara Qarayev m.,2 otaqlı,60.0,11,164000
Qara Qarayev m.,4 otaqlı,123.0,4,275000
Neftçilər m.,3 otaqlı,130.0,2,245000
Qara Qarayev m.,3 otaqlı,78.0,14,205000
Qara Qarayev m.,2 otaqlı,85.0,3,225000
Qara Qarayev m.,3 otaqlı,120.0,15,300000
Qara Qarayev m.,4 otaqlı,186.0,17,550000
Qara Qarayev m.,3 otaqlı,125.0,14,299000
Qara Qarayev m.,2 otaqlı,65.0,2,165000
Qara Qarayev m.,1 otaqlı,32.0,3,92000
Qara Qarayev m.,2 otaqlı,52.0,10,160000
Neftçilər m.,2 otaqlı,72.0,3,157000
Qara Qarayev m.,2 otaqlı,52.0,5,147000
Qara Qarayev m.,2 otaqlı,68.0,3,168000
Qara Qarayev m.,2 otaqlı,68.0,8,175000
Qara Qarayev m.,2 otaqlı,75.0,14,195000
Qara Qarayev m.,3 otaqlı,78.0,13,205000
Qara Qarayev m.,3 otaqlı,70.0,3,145000
Neftçilər m.,2 otaqlı,75.0,7,164000
Qara Qarayev m.,2 otaqlı,75.0,6,175000
Qara Qarayev m.,2 otaqlı,65.0,7,142000
Qara Qarayev m.,3 otaqlı,85.0,4,169000
Qara Qarayev m.,2 otaqlı,70.0,8,175000
Qara Qarayev m.,2 otaqlı,53.0,6,137000
Neftçilər m.,3 otaqlı,130.0,2,245000
Neftçilər m.,2 otaqlı,40.0,4,92900
Qara Qarayev m.,3 otaqlı,127.0,15,268000
Qara Qarayev m.,1 otaqlı,40.0,4,103000
Qara Qarayev m.,1 otaqlı,32.0,3,92000
Qara Qarayev m.,1 otaqlı,38.0,3,100000
Qara Qarayev m.,1 otaqlı,38.5,14,88500
Qara Qarayev m.,2 otaqlı,97.0,4,200000
Qara Qarayev m.,2 otaqlı,52.0,9,140000
Qara Qarayev m.,2 otaqlı,48.0,7,145000
Qara Qarayev m.,4 otaqlı,135.0,2,240000
Qara Qarayev m.,1 otaqlı,37.0,2,116000
Qara Qarayev m.,3 otaqlı,135.0,9,270000
Qara Qarayev m.,2 otaqlı,85.0,4,225000
Qara Qarayev m.,2 otaqlı,100.0,10,216000
Neftçilər m.,3 otaqlı,48.0,2,114000
Qara Qarayev m.,3 otaqlı,95.0,14,194000
Qara Qarayev m.,2 otaqlı,62.0,13,150000
Qara Qarayev m.,2 otaqlı,70.0,6,165000
Qara Qarayev m.,2 otaqlı,64.0,12,155000
Qara Qarayev m.,2 otaqlı,64.0,12,160000
Qara Qarayev m.,3 otaqlı,85.0,4,169000
Qara Qarayev m.,4 otaqlı,95.0,5,189000
Qara Qarayev m.,3 otaqlı,120.0,14,262000
Neftçilər m.,3 otaqlı,135.0,12,359000
Qara Qarayev m.,2 otaqlı,62.0,3,155000
Neftçilər m.,2 otaqlı,61.5,16,113775
Qara Qarayev m.,4 otaqlı,186.0,17,550000
Neftçilər m.,2 otaqlı,89.8,15,162000
Qara Qarayev m.,2 otaqlı,35.0,2,116000
Qara Qarayev m.,3 otaqlı,78.0,14,188000
Qara Qarayev m.,3 otaqlı,145.0,12,329000
Qara Qarayev m.,4 otaqlı,135.0,15,318000
Neftçilər m.,2 otaqlı,75.0,7,183500
Qara Qarayev m.,3 otaqlı,85.0,6,160000
Qara Qarayev m.,4 otaqlı,179.0,3,340000
Qara Qarayev m.,3 otaqlı,125.0,10,350000
Qara Qarayev m.,3 otaqlı,120.0,14,262000
Qara Qarayev m.,2 otaqlı,109.0,11,200000
Qara Qarayev m.,3 otaqlı,83.0,6,163000
Qara Qarayev m.,2 otaqlı,70.0,16,190000
Qara Qarayev m.,2 otaqlı,109.0,9,200000
Qara Qarayev m.,2 otaqlı,65.0,12,160000
Qara Qarayev m.,4 otaqlı,160.0,4,260000
Neftçilər m.,2 otaqlı,46.0,2,114000
Qara Qarayev m.,2 otaqlı,60.0,10,167000
Qara Qarayev m.,2 otaqlı,90.0,15,210000
Qara Qarayev m.,3 otaqlı,135.0,6,315000
Qara Qarayev m.,2 otaqlı,105.0,3,239000
Qara Qarayev m.,1 otaqlı,32.0,2,116000
Qara Qarayev m.,2 otaqlı,55.0,5,145000
Qara Qarayev m.,1 otaqlı,30.0,5,87000
Qara Qarayev m.,2 otaqlı,68.0,9,192000
Neftçilər m.,2 otaqlı,61.5,16,113775
Neftçilər m.,2 otaqlı,70.0,7,164000
Qara Qarayev m.,2 otaqlı,108.0,9,200000
Qara Qarayev m.,2 otaqlı,75.0,14,195000
Neftçilər m.,2 otaqlı,61.5,16,113775
Qara Qarayev m.,2 otaqlı,57.0,12,155000
Qara Qarayev m.,2 otaqlı,72.0,2,175000
Neftçilər m.,2 otaqlı,89.8,15,162000
Qara Qarayev m.,4 otaqlı,145.0,9,325000
Qara Qarayev m.,1 otaqlı,35.0,2,117000
Qara Qarayev m.,3 otaqlı,120.0,15,300000
Qara Qarayev m.,4 otaqlı,142.0,9,325000
Qara Qarayev m.,2 otaqlı,70.0,3,158000
Qara Qarayev m.,3 otaqlı,107.0,16,197000
Qara Qarayev m.,3 otaqlı,110.0,4,240000
Qara Qarayev m.,3 otaqlı,109.0,4,240000
Neftçilər m.,3 otaqlı,79.0,6,104280
Qara Qarayev m.,3 otaqlı,110.0,17,240000
Qara Qarayev m.,2 otaqlı,108.4,9,204500
Qara Qarayev m.,2 otaqlı,91.0,10,216000
Qara Qarayev m.,2 otaqlı,64.0,12,160000
Qara Qarayev m.,4 otaqlı,165.0,4,255000
Qara Qarayev m.,3 otaqlı,115.0,3,227000
Qara Qarayev m.,2 otaqlı,60.0,4,130500
Qara Qarayev m.,4 otaqlı,160.0,13,320000
Qara Qarayev m.,4 otaqlı,160.0,8,355000
Qara Qarayev m.,3 otaqlı,108.0,9,270000
Qara Qarayev m.,3 otaqlı,110.0,20,261000
Qara Qarayev m.,3 otaqlı,85.0,4,169000
Qara Qarayev m.,3 otaqlı,125.0,6,270000
Neftçilər m.,3 otaqlı,130.0,2,245000
Qara Qarayev m.,4 otaqlı,186.0,17,550000
Qara Qarayev m.,2 otaqlı,108.0,9,200000
Qara Qarayev m.,3 otaqlı,92.0,7,210000
Qara Qarayev m.,3 otaqlı,118.0,15,273000
Qara Qarayev m.,3 otaqlı,136.0,10,305000
Qara Qarayev m.,3 otaqlı,130.0,15,293000
Qara Qarayev m.,2 otaqlı,85.0,4,225000
Qara Qarayev m.,3 otaqlı,102.7,6,234000
Qara Qarayev m.,2 otaqlı,70.0,16,170000
Qara Qarayev m.,3 otaqlı,120.0,2,290000
Qara Qarayev m.,3 otaqlı,160.0,4,240000
Qara Qarayev m.,2 otaqlı,70.0,8,175000
Qara Qarayev m.,3 otaqlı,160.0,2,318000
Qara Qarayev m.,4 otaqlı,105.0,4,330000
Qara Qarayev m.,3 otaqlı,110.0,7,235000
Qara Qarayev m.,2 otaqlı,59.0,10,146000
Qara Qarayev m.,3 otaqlı,130.0,8,335000
Qara Qarayev m.,3 otaqlı,115.0,12,317000
Qara Qarayev m.,2 otaqlı,70.0,8,175000
Neftçilər m.,2 otaqlı,83.0,6,135000
Qara Qarayev m.,2 otaqlı,85.0,7,170000
Qara Qarayev m.,1 otaqlı,31.0,3,92000
Qara Qarayev m.,2 otaqlı,55.0,2,137000
Qara Qarayev m.,3 otaqlı,60.0,13,138000
Qara Qarayev m.,5 otaqlı,181.0,13,289000
Qara Qarayev m.,2 otaqlı,53.0,6,137000
Qara Qarayev m.,2 otaqlı,108.0,9,200000
Qara Qarayev m.,2 otaqlı,70.0,8,175000
Neftçilər m.,2 otaqlı,61.5,16,113775
Qara Qarayev m.,3 otaqlı,85.0,4,169000
Qara Qarayev m.,4 otaqlı,165.0,4,255000
Qara Qarayev m.,3 otaqlı,95.0,10,216000
Qara Qarayev m.,3 otaqlı,110.0,10,263000
Neftçilər m.,3 otaqlı,70.0,3,160000
Qara Qarayev m.,2 otaqlı,106.0,16,249100
Qara Qarayev m.,3 otaqlı,118.0,15,247000
Neftçilər m.,2 otaqlı,47.0,1,120000
Qara Qarayev m.,2 otaqlı,83.0,7,172000
Qara Qarayev m.,3 otaqlı,90.0,3,220000
Qara Qarayev m.,3 otaqlı,114.0,4,224000
Qara Qarayev m.,2 otaqlı,75.0,10,180000
Qara Qarayev m.,3 otaqlı,85.0,4,190000
Qara Qarayev m.,3 otaqlı,115.0,4,238000
Qara Qarayev m.,2 otaqlı,55.0,5,147000
Qara Qarayev m.,3 otaqlı,125.0,10,280000
Qara Qarayev m.,3 otaqlı,94.0,8,205000
Qara Qarayev m.,4 otaqlı,146.0,2,290000
Qara Qarayev m.,3 otaqlı,110.0,4,265000
Qara Qarayev m.,3 otaqlı,117.0,15,273000
Neftçilər m.,2 otaqlı,72.2,5,190000
Neftçilər m.,2 otaqlı,94.0,11,185000
Qara Qarayev m.,2 otaqlı,63.0,14,165000
Qara Qarayev m.,2 otaqlı,55.0,9,129000
Neftçilər m.,2 otaqlı,89.8,15,162000
Neftçilər m.,2 otaqlı,52.0,9,133000
Neftçilər m.,3 otaqlı,70.0,5,139000
Qara Qarayev m.,3 otaqlı,110.0,4,240000
Qara Qarayev m.,2 otaqlı,70.0,8,175000
Qara Qarayev m.,2 otaqlı,69.0,4,158000
Neftçilər m.,2 otaqlı,70.0,7,164000
Neftçilər m.,3 otaqlı,82.0,4,138000
Qara Qarayev m.,2 otaqlı,70.0,8,175000
Qara Qarayev m.,3 otaqlı,137.0,13,328000
Neftçilər m.,2 otaqlı,70.0,7,164800
Qara Qarayev m.,3 otaqlı,113.0,12,285000
Neftçilər m.,3 otaqlı,148.0,2,355000
Neftçilər m.,2 otaqlı,70.0,7,164800
Neftçilər m.,2 otaqlı,52.0,5,137000
Neftçilər m.,3 otaqlı,120.0,10,210000
Neftçilər m.,3 otaqlı,133.0,15,255000
Neftçilər m.,3 otaqlı,102.0,6,245000
Neftçilər m.,3 otaqlı,80.0,8,189000
Qara Qarayev m.,3 otaqlı,98.0,3,230000
Neftçilər m.,3 otaqlı,117.0,8,268000
Neftçilər m.,2 otaqlı,54.0,4,138000
Neftçilər m.,3 otaqlı,87.0,11,215000
Qara Qarayev m.,3 otaqlı,137.0,4,325000
Qara Qarayev m.,3 otaqlı,120.0,15,300000
Qara Qarayev m.,2 otaqlı,60.0,11,164000
Qara Qarayev m.,4 otaqlı,123.0,4,275000
Qara Qarayev m.,3 otaqlı,70.0,2,165000
Neftçilər m.,3 otaqlı,135.0,10,305000
Neftçilər m.,3 otaqlı,119.0,8,272000
Neftçilər m.,3 otaqlı,130.0,2,245000
Neftçilər m.,3 otaqlı,68.0,3,180000
Neftçilər m.,3 otaqlı,76.0,2,165000
Neftçilər m.,3 otaqlı,113.0,12,275000
Neftçilər m.,2 otaqlı,64.0,15,165000
Neftçilər m.,3 otaqlı,135.0,12,328000
Qara Qarayev m.,2 otaqlı,53.0,6,137000
Neftçilər m.,2 otaqlı,63.0,11,152000
Neftçilər m.,2 otaqlı,55.0,1,120000
Qara Qarayev m.,3 otaqlı,70.0,2,165000
Neftçilər m.,3 otaqlı,90.0,16,230000
Qara Qarayev m.,3 otaqlı,115.0,12,280000
Qara Qarayev m.,1 otaqlı,55.0,2,115000
Neftçilər m.,3 otaqlı,106.0,9,245000
Qara Qarayev m.,2 otaqlı,85.0,3,225000
Neftçilər m.,3 otaqlı,70.0,5,139000
Qara Qarayev m.,4 otaqlı,123.0,4,275000
Neftçilər m.,3 otaqlı,130.0,2,245000
Qara Qarayev m.,3 otaqlı,78.0,14,205000
Qara Qarayev m.,2 otaqlı,85.0,3,225000
Neftçilər m.,3 otaqlı,136.0,11,360000
Qara Qarayev m.,4 otaqlı,186.0,17,550000
Neftçilər m.,2 otaqlı,72.0,3,157000
Neftçilər m.,2 otaqlı,75.0,7,164000
Neftçilər m.,3 otaqlı,135.0,10,305000
Qara Qarayev m.,2 otaqlı,53.0,6,137000
Neftçilər m.,2 otaqlı,61.5,16,113775
Qara Qarayev m.,2 otaqlı,70.0,8,175000
Qara Qarayev m.,3 otaqlı,110.0,4,240000
Neftçilər m.,2 otaqlı,40.0,4,92900
Qara Qarayev m.,3 otaqlı,127.0,15,268000
Neftçilər m.,2 otaqlı,62.5,3,147000
Neftçilər m.,2 otaqlı,70.0,19,159000
Neftçilər m.,2 otaqlı,60.0,5,107900
Neftçilər m.,3 otaqlı,65.0,2,150000
Neftçilər m.,3 otaqlı,50.0,2,113900
Neftçilər m.,2 otaqlı,72.0,3,157000
Neftçilər m.,2 otaqlı,72.0,3,172000
Neftçilər m.,3 otaqlı,135.0,11,295000
Neftçilər m.,2 otaqlı,62.0,11,155000
Neftçilər m.,2 otaqlı,67.0,15,165000
Qara Qarayev m.,3 otaqlı,135.0,9,270000
Neftçilər m.,2 otaqlı,70.0,7,164800
Qara Qarayev m.,2 otaqlı,85.0,4,225000
Qara Qarayev m.,2 otaqlı,100.0,10,216000
Neftçilər m.,3 otaqlı,48.0,2,114000
Neftçilər m.,3 otaqlı,124.0,11,295000
Qara Qarayev m.,2 otaqlı,70.0,6,165000
Qara Qarayev m.,2 otaqlı,64.0,12,155000
Neftçilər m.,2 otaqlı,45.0,2,115000
Neftçilər m.,3 otaqlı,70.0,14,175000
Neftçilər m.,2 otaqlı,70.0,15,183000
Neftçilər m.,3 otaqlı,130.0,2,245000
Neftçilər m.,2 otaqlı,81.3,14,150405
Qara Qarayev m.,3 otaqlı,110.0,4,240000
Neftçilər m.,3 otaqlı,135.0,10,305000
Qara Qarayev m.,3 otaqlı,120.0,14,262000
Neftçilər m.,3 otaqlı,135.0,12,359000
Neftçilər m.,2 otaqlı,70.0,7,164000
Neftçilər m.,2 otaqlı,60.0,9,129000
Qara Qarayev m.,3 otaqlı,145.0,12,329000
Neftçilər m.,3 otaqlı,60.0,1,119000
Neftçilər m.,3 otaqlı,75.0,2,150000
Neftçilər m.,2 otaqlı,102.0,16,183000
Neftçilər m.,2 otaqlı,75.0,7,183500
Neftçilər m.,3 otaqlı,90.0,15,195000
Neftçilər m.,3 otaqlı,106.0,12,190000
Neftçilər m.,2 otaqlı,70.0,19,159000
Neftçilər m.,3 otaqlı,95.0,7,204500
Neftçilər m.,2 otaqlı,70.0,9,158000
Neftçilər m.,1 otaqlı,42.0,4,89500
Neftçilər m.,2 otaqlı,70.0,7,164500
Neftçilər m.,3 otaqlı,60.0,2,129000
Neftçilər m.,2 otaqlı,95.0,15,194500
Neftçilər m.,3 otaqlı,133.0,15,255000
Qara Qarayev m.,3 otaqlı,83.0,6,163000
Neftçilər m.,3 otaqlı,95.0,7,204500
Neftçilər m.,3 otaqlı,88.0,11,215000
Qara Qarayev m.,2 otaqlı,53.0,6,137000
Neftçilər m.,3 otaqlı,138.4,15,235280
Qara Qarayev m.,2 otaqlı,108.0,9,200000
Qara Qarayev m.,2 otaqlı,70.0,8,175000
Neftçilər m.,2 otaqlı,60.0,5,125000
Neftçilər m.,1 otaqlı,42.0,5,92500
Qara Qarayev m.,2 otaqlı,109.0,9,200000
Neftçilər m.,4 otaqlı,130.0,16,240000
Qara Qarayev m.,2 otaqlı,65.0,12,160000
Neftçilər m.,2 otaqlı,46.0,2,114000
Neftçilər m.,2 otaqlı,72.0,3,157000
Qara Qarayev m.,2 otaqlı,105.0,3,239000
Qara Qarayev m.,1 otaqlı,32.0,2,116000
Neftçilər m.,2 otaqlı,65.0,7,159000
Neftçilər m.,2 otaqlı,52.0,5,137000
Qara Qarayev m.,1 otaqlı,30.0,5,87000
Neftçilər m.,2 otaqlı,55.0,3,134700
Neftçilər m.,3 otaqlı,80.0,4,138000
Neftçilər m.,3 otaqlı,138.4,15,235280
Neftçilər m.,2 otaqlı,61.5,16,113775
Neftçilər m.,2 otaqlı,89.8,15,162000
Qara Qarayev m.,4 otaqlı,145.0,9,325000
Neftçilər m.,2 otaqlı,91.0,8,202000
Neftçilər m.,1 otaqlı,64.9,17,90860
Neftçilər m.,3 otaqlı,84.1,5,151138
Neftçilər m.,2 otaqlı,55.0,2,130000
Neftçilər m.,2 otaqlı,35.0,4,103500
Neftçilər m.,2 otaqlı,81.3,14,150405
Neftçilər m.,3 otaqlı,88.0,11,215000
Neftçilər m.,2 otaqlı,60.0,9,129000
Neftçilər m.,1 otaqlı,64.9,17,90860
Qara Qarayev m.,2 otaqlı,53.0,6,137000
Neftçilər m.,2 otaqlı,52.0,9,133000
Neftçilər m.,2 otaqlı,70.0,16,160000
Neftçilər m.,1 otaqlı,30.0,3,98000
Neftçilər m.,1 otaqlı,30.0,3,98000
Neftçilər m.,4 otaqlı,80.0,2,150000
Neftçilər m.,3 otaqlı,119.0,8,272000
Neftçilər m.,3 otaqlı,75.0,1,135000
Qara Qarayev m.,3 otaqlı,110.0,4,240000
Qara Qarayev m.,3 otaqlı,109.0,4,240000
Neftçilər m.,3 otaqlı,85.0,1,140000
Neftçilər m.,3 otaqlı,55.0,2,114000
Neftçilər m.,2 otaqlı,70.0,19,159000
Neftçilər m.,3 otaqlı,79.0,6,104280
Neftçilər m.,2 otaqlı,52.0,5,137000
Neftçilər m.,3 otaqlı,70.0,9,165000
Neftçilər m.,2 otaqlı,84.0,4,189000
Neftçilər m.,2 otaqlı,76.0,15,136800
Neftçilər m.,1 otaqlı,70.0,3,126000
Qara Qarayev m.,2 otaqlı,64.0,12,160000
Neftçilər m.,3 otaqlı,118.0,11,109000
Qara Qarayev m.,3 otaqlı,115.0,3,227000
Qara Qarayev m.,4 otaqlı,160.0,13,320000
Qara Qarayev m.,4 otaqlı,160.0,8,355000
Neftçilər m.,3 otaqlı,70.0,2,150000
Neftçilər m.,2 otaqlı,61.5,16,113775
Neftçilər m.,2 otaqlı,91.0,8,202000
Qara Qarayev m.,3 otaqlı,110.0,4,240000
Qara Qarayev m.,2 otaqlı,70.0,8,175000
Neftçilər m.,3 otaqlı,58.0,2,129000
Qara Qarayev m.,2 otaqlı,108.0,9,200000
Qara Qarayev m.,3 otaqlı,136.0,10,305000
Neftçilər m.,3 otaqlı,79.0,2,149800
Neftçilər m.,1 otaqlı,40.0,5,98000
Neftçilər m.,3 otaqlı,136.0,5,244800
Neftçilər m.,3 otaqlı,70.0,2,150000
Qara Qarayev m.,3 otaqlı,110.0,7,235000
Neftçilər m.,4 otaqlı,86.4,2,185000
Neftçilər m.,4 otaqlı,182.0,15,470000
Neftçilər m.,1 otaqlı,36.0,5,95000
Neftçilər m.,4 otaqlı,104.0,5,285000
Neftçilər m.,2 otaqlı,51.0,3,135000
Neftçilər m.,2 otaqlı,83.0,6,135000
Neftçilər m.,3 otaqlı,91.0,6,188000
Neftçilər m.,3 otaqlı,80.0,5,210000
Neftçilər m.,2 otaqlı,55.0,2,120000
Neftçilər m.,3 otaqlı,55.0,2,114000
Neftçilər m.,2 otaqlı,35.0,5,90000
Qara Qarayev m.,5 otaqlı,181.0,13,289000
Neftçilər m.,2 otaqlı,71.0,13,133000
Neftçilər m.,3 otaqlı,136.0,5,244800
Neftçilər m.,2 otaqlı,46.0,2,114000
Neftçilər m.,3 otaqlı,60.0,1,119000
Neftçilər m.,2 otaqlı,61.5,16,113775
Qara Qarayev m.,4 otaqlı,186.0,17,550000
Neftçilər m.,3 otaqlı,137.0,5,244800
Neftçilər m.,3 otaqlı,107.0,5,254000
Neftçilər m.,3 otaqlı,70.0,3,160000
Neftçilər m.,3 otaqlı,133.0,15,264000
Neftçilər m.,2 otaqlı,47.0,1,120000
Neftçilər m.,1 otaqlı,65.0,17,89900
Neftçilər m.,3 otaqlı,136.0,5,244800
Neftçilər m.,2 otaqlı,65.0,2,136500
Qara Qarayev m.,3 otaqlı,115.0,4,238000
Qara Qarayev m.,2 otaqlı,55.0,5,147000
Neftçilər m.,3 otaqlı,135.0,16,184900
Neftçilər m.,2 otaqlı,72.2,5,190000
Neftçilər m.,2 otaqlı,94.0,11,185000
Neftçilər m.,4 otaqlı,110.0,8,179000
Neftçilər m.,3 otaqlı,88.0,20,120000
Neftçilər m.,3 otaqlı,75.0,4,138000
Neftçilər m.,2 otaqlı,60.0,9,116000
Neftçilər m.,3 otaqlı,93.0,7,204600
Neftçilər m.,3 otaqlı,96.0,2,155000
Neftçilər m.,2 otaqlı,88.0,13,215000
Neftçilər m.,4 otaqlı,110.0,8,179000
Neftçilər m.,3 otaqlı,99.0,2,210000
Qara Qarayev m.,2 otaqlı,55.0,14,93000
Neftçilər m.,3 otaqlı,138.4,15,235280
Neftçilər m.,3 otaqlı,70.0,5,139000
Neftçilər m.,2 otaqlı,70.0,19,159000
Neftçilər m.,2 otaqlı,70.0,7,164000
Neftçilər m.,2 otaqlı,68.0,15,165000
Neftçilər m.,2 otaqlı,85.0,10,205000
Neftçilər m.,3 otaqlı,92.0,16,230000
Neftçilər m.,3 otaqlı,126.0,10,233000
Neftçilər m.,2 otaqlı,63.0,3,147000
Neftçilər m.,3 otaqlı,85.0,4,185000
Neftçilər m.,2 otaqlı,70.0,2,154000
Qara Qarayev m.,3 otaqlı,60.0,10,135000
Neftçilər m.,3 otaqlı,85.0,5,210000
Neftçilər m.,2 otaqlı,60.0,5,120000
Qara Qarayev m.,3 otaqlı,97.0,15,205000
Neftçilər m.,3 otaqlı,75.0,3,160000
Neftçilər m.,2 otaqlı,49.0,5,94500
Neftçilər m.,3 otaqlı,136.0,5,244800
Qara Qarayev m.,3 otaqlı,70.0,7,110000
Qara Qarayev m.,4 otaqlı,135.0,15,292900
Qara Qarayev m.,2 otaqlı,60.0,5,124500
Neftçilər m.,2 otaqlı,47.0,5,97000
Neftçilər m.,4 otaqlı,85.0,2,148900
Qara Qarayev m.,3 otaqlı,109.0,9,220000
Neftçilər m.,2 otaqlı,63.0,11,144000
Neftçilər m.,2 otaqlı,88.0,11,215000
Qara Qarayev m.,2 otaqlı,70.0,15,176000
Neftçilər m.,2 otaqlı,75.0,7,168500
Neftçilər m.,3 otaqlı,138.4,15,235280
Qara Qarayev m.,2 otaqlı,108.0,9,200000
Neftçilər m.,3 otaqlı,80.0,4,138000
Neftçilər m.,2 otaqlı,35.0,5,90000
Neftçilər m.,2 otaqlı,55.0,5,137000
Neftçilər m.,2 otaqlı,50.0,2,120000
Neftçilər m.,3 otaqlı,136.0,5,244800
Neftçilər m.,3 otaqlı,65.0,3,158000
Neftçilər m.,4 otaqlı,110.0,8,179000
Neftçilər m.,3 otaqlı,70.0,5,130000
Neftçilər m.,1 otaqlı,32.0,3,95000
Neftçilər m.,1 otaqlı,36.0,5,93000
Neftçilər m.,2 otaqlı,102.0,16,183000
Neftçilər m.,3 otaqlı,126.0,10,233000
Qara Qarayev m.,2 otaqlı,108.5,9,200000
Neftçilər m.,2 otaqlı,47.0,2,110000
Neftçilər m.,3 otaqlı,136.0,5,244800
Neftçilər m.,2 otaqlı,55.0,16,77000
Qara Qarayev m.,1 otaqlı,48.0,9,78500
Neftçilər m.,4 otaqlı,122.0,7,270000
Neftçilər m.,2 otaqlı,68.0,18,152000
Neftçilər m.,3 otaqlı,50.0,2,114000
Neftçilər m.,2 otaqlı,35.0,4,97900
Neftçilər m.,3 otaqlı,140.0,10,235900
Neftçilər m.,2 otaqlı,85.0,3,185000
Neftçilər m.,2 otaqlı,70.0,7,164800
Neftçilər m.,2 otaqlı,50.0,3,120000
Neftçilər m.,2 otaqlı,102.0,11,157000
20 Yanvar m.,3 otaqlı,95.8,12,182978
20 Yanvar m.,2 otaqlı,52.9,20,150765
20 Yanvar m.,2 otaqlı,48.0,19,135000
20 Yanvar m.,3 otaqlı,104.0,11,255000
20 Yanvar m.,3 otaqlı,105.0,10,250000
20 Yanvar m.,3 otaqlı,100.0,10,266000
20 Yanvar m.,3 otaqlı,105.0,17,228000
20 Yanvar m.,3 otaqlı,68.0,2,168000
20 Yanvar m.,3 otaqlı,75.0,8,215000
20 Yanvar m.,3 otaqlı,61.0,6,168000
20 Yanvar m.,2 otaqlı,97.0,8,197000
20 Yanvar m.,2 otaqlı,54.0,18,139000
20 Yanvar m.,2 otaqlı,60.0,10,145000
20 Yanvar m.,4 otaqlı,127.0,9,300000
20 Yanvar m.,3 otaqlı,92.0,14,215000
20 Yanvar m.,4 otaqlı,110.0,16,310000
20 Yanvar m.,2 otaqlı,47.3,20,129602
20 Yanvar m.,2 otaqlı,75.0,12,198000
20 Yanvar m.,3 otaqlı,110.0,14,255000
20 Yanvar m.,2 otaqlı,54.0,1,140000
20 Yanvar m.,2 otaqlı,48.0,19,139000
20 Yanvar m.,2 otaqlı,55.0,19,139000
20 Yanvar m.,2 otaqlı,50.0,13,137000
20 Yanvar m.,2 otaqlı,46.0,4,135000
20 Yanvar m.,2 otaqlı,53.0,18,139000
20 Yanvar m.,2 otaqlı,66.8,12,140948
20 Yanvar m.,2 otaqlı,65.6,12,127920
20 Yanvar m.,3 otaqlı,114.6,3,228054
20 Yanvar m.,3 otaqlı,95.8,12,182978
20 Yanvar m.,2 otaqlı,88.8,5,183816
20 Yanvar m.,3 otaqlı,176.0,9,300000
20 Yanvar m.,3 otaqlı,105.0,2,270000
20 Yanvar m.,2 otaqlı,50.0,3,150000
20 Yanvar m.,2 otaqlı,50.0,11,132000
20 Yanvar m.,2 otaqlı,80.0,17,211000
20 Yanvar m.,3 otaqlı,87.0,13,205000
20 Yanvar m.,3 otaqlı,105.0,17,228000
20 Yanvar m.,3 otaqlı,75.0,8,215000
20 Yanvar m.,3 otaqlı,100.0,10,260000
20 Yanvar m.,2 otaqlı,70.0,4,135000
20 Yanvar m.,2 otaqlı,72.0,10,180000
20 Yanvar m.,2 otaqlı,92.0,7,210000
20 Yanvar m.,3 otaqlı,87.0,14,215000
20 Yanvar m.,4 otaqlı,130.0,17,245000
20 Yanvar m.,2 otaqlı,50.0,11,132000
20 Yanvar m.,2 otaqlı,60.0,4,128000
20 Yanvar m.,2 otaqlı,52.0,4,135000
20 Yanvar m.,3 otaqlı,120.0,13,230000
20 Yanvar m.,3 otaqlı,100.0,10,260000
20 Yanvar m.,4 otaqlı,150.0,14,315000
20 Yanvar m.,2 otaqlı,47.3,20,129602
20 Yanvar m.,3 otaqlı,112.7,1,214130
20 Yanvar m.,2 otaqlı,52.9,20,150765
20 Yanvar m.,3 otaqlı,101.3,20,232990
20 Yanvar m.,2 otaqlı,47.1,18,129525
20 Yanvar m.,2 otaqlı,43.2,3,115000
20 Yanvar m.,3 otaqlı,105.0,17,228000
20 Yanvar m.,3 otaqlı,114.6,3,228054
20 Yanvar m.,3 otaqlı,78.7,9,224295
20 Yanvar m.,2 otaqlı,81.6,2,187680
20 Yanvar m.,2 otaqlı,47.2,2,133576
20 Yanvar m.,2 otaqlı,47.1,18,129525
20 Yanvar m.,3 otaqlı,76.9,11,221472
20 Yanvar m.,3 otaqlı,121.0,8,289000
20 Yanvar m.,3 otaqlı,170.0,19,169900
20 Yanvar m.,3 otaqlı,68.0,2,168000
20 Yanvar m.,2 otaqlı,65.0,11,160000
20 Yanvar m.,2 otaqlı,75.0,2,200000
20 Yanvar m.,4 otaqlı,127.0,9,300000
20 Yanvar m.,3 otaqlı,127.0,10,278000
20 Yanvar m.,2 otaqlı,48.0,2,128000
20 Yanvar m.,3 otaqlı,95.0,13,210000
20 Yanvar m.,2 otaqlı,48.0,19,139000
20 Yanvar m.,2 otaqlı,55.0,4,135000
20 Yanvar m.,2 otaqlı,81.6,2,187680
20 Yanvar m.,2 otaqlı,43.2,3,115000
20 Yanvar m.,3 otaqlı,87.5,19,188000
20 Yanvar m.,2 otaqlı,54.0,4,135000
20 Yanvar m.,2 otaqlı,72.0,7,185000
20 Yanvar m.,2 otaqlı,52.0,4,135500
20 Yanvar m.,2 otaqlı,50.0,4,135000
20 Yanvar m.,2 otaqlı,47.2,7,137400
20 Yanvar m.,3 otaqlı,72.0,4,174000
20 Yanvar m.,3 otaqlı,110.0,14,255000
20 Yanvar m.,3 otaqlı,90.0,12,235000
20 Yanvar m.,3 otaqlı,100.0,10,260000
20 Yanvar m.,3 otaqlı,100.0,14,240000
20 Yanvar m.,6 otaqlı,420.0,17,600000
20 Yanvar m.,3 otaqlı,90.0,16,218000
20 Yanvar m.,2 otaqlı,79.0,4,178000
20 Yanvar m.,2 otaqlı,45.0,5,130000
20 Yanvar m.,3 otaqlı,105.0,2,270000
20 Yanvar m.,3 otaqlı,101.3,20,232990
20 Yanvar m.,2 otaqlı,50.0,15,136000
20 Yanvar m.,2 otaqlı,47.3,20,129602
20 Yanvar m.,5 otaqlı,111.0,4,215000
20 Yanvar m.,4 otaqlı,186.0,7,399000
20 Yanvar m.,3 otaqlı,90.0,4,210000
20 Yanvar m.,2 otaqlı,105.0,11,228000
20 Yanvar m.,2 otaqlı,75.0,16,170000
20 Yanvar m.,2 otaqlı,70.0,13,165000
20 Yanvar m.,3 otaqlı,98.0,17,228000
20 Yanvar m.,2 otaqlı,56.0,2,149000
20 Yanvar m.,3 otaqlı,125.0,2,250000
20 Yanvar m.,2 otaqlı,52.0,13,130000
20 Yanvar m.,2 otaqlı,47.0,7,138000
20 Yanvar m.,3 otaqlı,109.0,16,223000
20 Yanvar m.,2 otaqlı,52.0,4,135000
20 Yanvar m.,3 otaqlı,105.0,17,228000
20 Yanvar m.,4 otaqlı,186.0,7,399000
20 Yanvar m.,3 otaqlı,95.8,12,182978
20 Yanvar m.,3 otaqlı,95.0,13,260000
20 Yanvar m.,4 otaqlı,210.0,2,290000
20 Yanvar m.,3 otaqlı,78.0,4,225000
20 Yanvar m.,3 otaqlı,70.2,7,178000
20 Yanvar m.,3 otaqlı,87.5,19,188000
20 Yanvar m.,3 otaqlı,115.0,11,230000
20 Yanvar m.,2 otaqlı,73.0,8,177600
20 Yanvar m.,3 otaqlı,130.0,2,250000
20 Yanvar m.,2 otaqlı,52.0,4,140000
20 Yanvar m.,2 otaqlı,87.0,16,180000
20 Yanvar m.,4 otaqlı,150.0,10,270000
20 Yanvar m.,5 otaqlı,120.0,1,174000
20 Yanvar m.,5 otaqlı,120.0,5,193000
20 Yanvar m.,4 otaqlı,175.0,18,380000
20 Yanvar m.,3 otaqlı,150.0,20,240000
20 Yanvar m.,2 otaqlı,102.0,12,195000
20 Yanvar m.,2 otaqlı,43.2,3,115000
20 Yanvar m.,3 otaqlı,92.0,19,188000
20 Yanvar m.,2 otaqlı,52.9,20,150765
20 Yanvar m.,3 otaqlı,110.0,14,255000
20 Yanvar m.,2 otaqlı,88.8,5,183816
20 Yanvar m.,2 otaqlı,75.0,18,210000
20 Yanvar m.,2 otaqlı,75.0,12,198000
20 Yanvar m.,2 otaqlı,50.0,3,150000
20 Yanvar m.,2 otaqlı,45.0,7,138000
20 Yanvar m.,2 otaqlı,55.0,5,117000
20 Yanvar m.,2 otaqlı,56.0,3,149000
20 Yanvar m.,2 otaqlı,90.0,12,255000
20 Yanvar m.,2 otaqlı,50.0,3,148000
20 Yanvar m.,3 otaqlı,105.0,13,229500
20 Yanvar m.,2 otaqlı,47.0,8,138000
20 Yanvar m.,3 otaqlı,140.0,6,279000
20 Yanvar m.,2 otaqlı,47.0,9,125000
20 Yanvar m.,3 otaqlı,105.0,2,270000
20 Yanvar m.,2 otaqlı,47.1,18,129525
20 Yanvar m.,2 otaqlı,90.0,20,202500
20 Yanvar m.,4 otaqlı,130.0,17,245000
20 Yanvar m.,2 otaqlı,48.0,1,120000
20 Yanvar m.,2 otaqlı,50.0,15,136000
20 Yanvar m.,2 otaqlı,78.0,5,178000
20 Yanvar m.,2 otaqlı,70.0,1,84000
20 Yanvar m.,2 otaqlı,50.0,5,130000
20 Yanvar m.,3 otaqlı,97.1,3,188000
20 Yanvar m.,2 otaqlı,52.0,3,129000
20 Yanvar m.,3 otaqlı,85.0,2,177000
20 Yanvar m.,2 otaqlı,52.0,4,135000
20 Yanvar m.,3 otaqlı,125.0,17,299000
20 Yanvar m.,3 otaqlı,140.0,15,250000
20 Yanvar m.,2 otaqlı,90.0,20,202500
20 Yanvar m.,3 otaqlı,87.5,19,188000
20 Yanvar m.,3 otaqlı,140.0,4,270000
20 Yanvar m.,2 otaqlı,60.0,10,145000
20 Yanvar m.,4 otaqlı,140.0,5,260000
20 Yanvar m.,2 otaqlı,148.0,3,240000
20 Yanvar m.,4 otaqlı,210.0,2,290000
20 Yanvar m.,2 otaqlı,50.0,11,132000
20 Yanvar m.,3 otaqlı,61.0,14,158000
20 Yanvar m.,4 otaqlı,210.0,9,415000
20 Yanvar m.,2 otaqlı,76.2,11,213000
20 Yanvar m.,2 otaqlı,67.0,5,180000
20 Yanvar m.,3 otaqlı,141.0,8,287000
20 Yanvar m.,3 otaqlı,95.0,15,235000
20 Yanvar m.,2 otaqlı,50.0,4,122000
20 Yanvar m.,2 otaqlı,77.0,12,198000
Azadlıq Prospekti m.,3 otaqlı,80.0,3,202000
Azadlıq Prospekti m.,1 otaqlı,60.0,16,122000
Azadlıq Prospekti m.,1 otaqlı,45.5,6,120575
Azadlıq Prospekti m.,1 otaqlı,45.5,3,116025
Azadlıq Prospekti m.,3 otaqlı,52.0,3,128000
Azadlıq Prospekti m.,2 otaqlı,84.0,6,200000
Azadlıq Prospekti m.,2 otaqlı,72.0,6,140000
Azadlıq Prospekti m.,3 otaqlı,110.0,16,215000
Azadlıq Prospekti m.,4 otaqlı,200.0,12,388000
Azadlıq Prospekti m.,2 otaqlı,50.0,10,152000
Azadlıq Prospekti m.,2 otaqlı,80.0,7,190000
Azadlıq Prospekti m.,5 otaqlı,120.0,4,280000
Azadlıq Prospekti m.,3 otaqlı,110.0,9,264000
Azadlıq Prospekti m.,2 otaqlı,98.0,10,185000
Azadlıq Prospekti m.,3 otaqlı,160.0,11,350000
Azadlıq Prospekti m.,2 otaqlı,100.0,7,235000
Azadlıq Prospekti m.,3 otaqlı,131.0,17,255000
Azadlıq Prospekti m.,3 otaqlı,120.0,11,264000
Azadlıq Prospekti m.,3 otaqlı,111.8,12,273910
Azadlıq Prospekti m.,2 otaqlı,65.0,8,150000
Azadlıq Prospekti m.,3 otaqlı,80.0,5,195000
Azadlıq Prospekti m.,2 otaqlı,98.0,12,205000
Azadlıq Prospekti m.,2 otaqlı,65.0,7,155000
Azadlıq Prospekti m.,2 otaqlı,46.0,2,135000
Azadlıq Prospekti m.,1 otaqlı,45.5,3,116025
Azadlıq Prospekti m.,2 otaqlı,75.0,7,190000
Azadlıq Prospekti m.,3 otaqlı,107.7,7,263865
Azadlıq Prospekti m.,1 otaqlı,45.5,6,120575
Azadlıq Prospekti m.,1 otaqlı,45.5,6,120575
Azadlıq Prospekti m.,1 otaqlı,45.5,2,113750
Azadlıq Prospekti m.,4 otaqlı,150.0,4,275000
Azadlıq Prospekti m.,3 otaqlı,107.7,7,263865
Azadlıq Prospekti m.,2 otaqlı,75.0,4,176500
Azadlıq Prospekti m.,2 otaqlı,60.0,8,154000
Azadlıq Prospekti m.,2 otaqlı,65.0,11,177500
Azadlıq Prospekti m.,2 otaqlı,50.0,3,129500
Azadlıq Prospekti m.,2 otaqlı,70.0,8,165000
Azadlıq Prospekti m.,2 otaqlı,52.0,10,152500
Azadlıq Prospekti m.,2 otaqlı,50.0,12,144500
Azadlıq Prospekti m.,2 otaqlı,50.0,8,128000
Azadlıq Prospekti m.,2 otaqlı,65.0,16,137800
Azadlıq Prospekti m.,3 otaqlı,82.0,10,185000
Azadlıq Prospekti m.,3 otaqlı,80.0,6,199500
Azadlıq Prospekti m.,2 otaqlı,78.0,8,184000
Azadlıq Prospekti m.,3 otaqlı,80.0,7,199000
Azadlıq Prospekti m.,2 otaqlı,70.0,12,155000
Azadlıq Prospekti m.,3 otaqlı,92.0,9,235000
Azadlıq Prospekti m.,3 otaqlı,75.0,5,146000
Azadlıq Prospekti m.,4 otaqlı,146.0,17,370000
Azadlıq Prospekti m.,2 otaqlı,65.0,3,165000
Azadlıq Prospekti m.,2 otaqlı,65.0,10,159000
Azadlıq Prospekti m.,2 otaqlı,65.0,16,138000
Azadlıq Prospekti m.,2 otaqlı,50.0,11,126000
Azadlıq Prospekti m.,2 otaqlı,40.0,2,102000
Azadlıq Prospekti m.,3 otaqlı,135.0,17,209000
Azadlıq Prospekti m.,3 otaqlı,114.0,7,247000
Azadlıq Prospekti m.,4 otaqlı,150.0,4,275000
Azadlıq Prospekti m.,1 otaqlı,45.5,6,120575
Azadlıq Prospekti m.,2 otaqlı,75.0,7,190000
Azadlıq Prospekti m.,2 otaqlı,60.0,16,165000
Azadlıq Prospekti m.,3 otaqlı,109.0,12,239000
Azadlıq Prospekti m.,3 otaqlı,85.0,4,220000
Azadlıq Prospekti m.,3 otaqlı,130.0,12,285000
Azadlıq Prospekti m.,2 otaqlı,62.0,8,142000
Azadlıq Prospekti m.,4 otaqlı,160.0,9,345000
Azadlıq Prospekti m.,2 otaqlı,40.0,2,100000
Azadlıq Prospekti m.,3 otaqlı,90.0,4,220000
Azadlıq Prospekti m.,3 otaqlı,80.0,5,195000
Azadlıq Prospekti m.,5 otaqlı,220.0,6,470000
Azadlıq Prospekti m.,2 otaqlı,55.0,4,135000
Azadlıq Prospekti m.,3 otaqlı,102.0,6,220000
Azadlıq Prospekti m.,3 otaqlı,130.0,9,279000
Azadlıq Prospekti m.,2 otaqlı,65.0,16,165000
Azadlıq Prospekti m.,3 otaqlı,80.0,5,197000
Azadlıq Prospekti m.,3 otaqlı,80.0,5,150000
Azadlıq Prospekti m.,2 otaqlı,55.0,11,159000
Azadlıq Prospekti m.,4 otaqlı,100.0,2,210000
Azadlıq Prospekti m.,4 otaqlı,100.0,7,228000
Azadlıq Prospekti m.,2 otaqlı,60.0,12,177000
Azadlıq Prospekti m.,4 otaqlı,160.0,9,345000
Azadlıq Prospekti m.,3 otaqlı,130.0,9,279000
Azadlıq Prospekti m.,2 otaqlı,70.0,9,154000
Azadlıq Prospekti m.,3 otaqlı,100.0,4,215000
Azadlıq Prospekti m.,2 otaqlı,70.0,8,178500
Azadlıq Prospekti m.,3 otaqlı,80.0,3,202000
Azadlıq Prospekti m.,4 otaqlı,135.0,17,210000
Azadlıq Prospekti m.,3 otaqlı,90.0,2,120000
Azadlıq Prospekti m.,3 otaqlı,107.7,7,263865
Azadlıq Prospekti m.,3 otaqlı,80.0,2,179999
Azadlıq Prospekti m.,3 otaqlı,75.0,2,170000
Azadlıq Prospekti m.,4 otaqlı,135.0,17,210000
Azadlıq Prospekti m.,3 otaqlı,90.0,2,120000
Azadlıq Prospekti m.,2 otaqlı,68.0,5,175000
Azadlıq Prospekti m.,4 otaqlı,110.0,3,215000
Azadlıq Prospekti m.,3 otaqlı,80.0,3,202000
Azadlıq Prospekti m.,2 otaqlı,45.0,7,136000
Azadlıq Prospekti m.,4 otaqlı,88.9,3,247000
Azadlıq Prospekti m.,2 otaqlı,70.0,3,165000
Azadlıq Prospekti m.,3 otaqlı,90.0,8,190000
Azadlıq Prospekti m.,3 otaqlı,114.0,5,280000
Azadlıq Prospekti m.,3 otaqlı,112.0,8,250000
Gənclik m.,3 otaqlı,70.0,2,170000
Azadlıq Prospekti m.,1 otaqlı,45.5,2,113750
Azadlıq Prospekti m.,5 otaqlı,120.0,3,270000
Azadlıq Prospekti m.,4 otaqlı,150.0,4,275000
Azadlıq Prospekti m.,1 otaqlı,60.0,16,122000
Azadlıq Prospekti m.,3 otaqlı,107.7,9,263865
Azadlıq Prospekti m.,3 otaqlı,60.0,9,135000
Azadlıq Prospekti m.,3 otaqlı,110.0,10,264000
Azadlıq Prospekti m.,3 otaqlı,58.0,7,155000
Azadlıq Prospekti m.,2 otaqlı,95.0,3,207000
Azadlıq Prospekti m.,3 otaqlı,58.0,7,155000
Azadlıq Prospekti m.,1 otaqlı,45.5,6,120575
Azadlıq Prospekti m.,3 otaqlı,110.0,10,264000
Azadlıq Prospekti m.,3 otaqlı,115.0,8,252000
Azadlıq Prospekti m.,2 otaqlı,55.0,5,112000
Azadlıq Prospekti m.,2 otaqlı,60.0,16,165000
Azadlıq Prospekti m.,2 otaqlı,70.0,5,160000
Azadlıq Prospekti m.,3 otaqlı,80.0,2,190000
Azadlıq Prospekti m.,2 otaqlı,50.0,9,127500
Azadlıq Prospekti m.,2 otaqlı,40.0,3,89000
Azadlıq Prospekti m.,1 otaqlı,37.0,2,86000
Azadlıq Prospekti m.,3 otaqlı,68.0,9,133000
Azadlıq Prospekti m.,2 otaqlı,76.0,3,208000
Azadlıq Prospekti m.,3 otaqlı,114.0,8,248000
Azadlıq Prospekti m.,1 otaqlı,50.0,12,150000
Azadlıq Prospekti m.,2 otaqlı,40.0,4,92000
Azadlıq Prospekti m.,3 otaqlı,94.0,4,215000
Azadlıq Prospekti m.,4 otaqlı,204.0,14,440000
Azadlıq Prospekti m.,2 otaqlı,40.0,1,87500
Azadlıq Prospekti m.,2 otaqlı,54.0,3,100000
Azadlıq Prospekti m.,1 otaqlı,68.0,15,137000
Azadlıq Prospekti m.,3 otaqlı,118.0,9,282000
Azadlıq Prospekti m.,3 otaqlı,75.0,2,205000
Azadlıq Prospekti m.,2 otaqlı,70.0,15,135000
Azadlıq Prospekti m.,3 otaqlı,116.0,5,280000
Azadlıq Prospekti m.,3 otaqlı,85.5,3,190000
Azadlıq Prospekti m.,5 otaqlı,130.0,1,185000
Azadlıq Prospekti m.,3 otaqlı,60.0,9,135000
Azadlıq Prospekti m.,4 otaqlı,200.0,12,388000
Azadlıq Prospekti m.,4 otaqlı,135.0,17,210000
Azadlıq Prospekti m.,2 otaqlı,75.0,7,190000
Azadlıq Prospekti m.,4 otaqlı,120.0,1,185000
Azadlıq Prospekti m.,3 otaqlı,110.0,9,208000
Azadlıq Prospekti m.,2 otaqlı,78.0,10,205000
Azadlıq Prospekti m.,4 otaqlı,110.0,6,245000
Azadlıq Prospekti m.,2 otaqlı,68.0,11,165000
Azadlıq Prospekti m.,3 otaqlı,120.0,11,264000
Azadlıq Prospekti m.,2 otaqlı,66.0,8,179500
Azadlıq Prospekti m.,3 otaqlı,80.0,5,155000
Azadlıq Prospekti m.,3 otaqlı,114.0,8,247000
Azadlıq Prospekti m.,3 otaqlı,92.0,8,206000
Azadlıq Prospekti m.,1 otaqlı,40.0,2,101500
Azadlıq Prospekti m.,3 otaqlı,140.0,8,315000
Azadlıq Prospekti m.,3 otaqlı,120.0,11,247000
Azadlıq Prospekti m.,2 otaqlı,65.0,15,165000
Azadlıq Prospekti m.,3 otaqlı,114.0,5,279000
Azadlıq Prospekti m.,1 otaqlı,36.0,2,101500
Azadlıq Prospekti m.,3 otaqlı,68.0,3,164900
Azadlıq Prospekti m.,2 otaqlı,75.0,7,190000
Azadlıq Prospekti m.,4 otaqlı,130.0,16,225000
Azadlıq Prospekti m.,3 otaqlı,117.0,8,260000
Azadlıq Prospekti m.,3 otaqlı,115.0,5,290000
Azadlıq Prospekti m.,3 otaqlı,100.0,12,249000
Azadlıq Prospekti m.,2 otaqlı,60.0,9,132000
Azadlıq Prospekti m.,1 otaqlı,45.5,2,113750
Azadlıq Prospekti m.,2 otaqlı,72.0,6,140000
Azadlıq Prospekti m.,3 otaqlı,110.0,10,264000
Azadlıq Prospekti m.,2 otaqlı,75.0,7,190000
Azadlıq Prospekti m.,4 otaqlı,194.0,13,412000
Azadlıq Prospekti m.,2 otaqlı,50.0,2,103000
Azadlıq Prospekti m.,2 otaqlı,64.0,16,165000
Azadlıq Prospekti m.,1 otaqlı,50.0,13,170000
Azadlıq Prospekti m.,3 otaqlı,93.5,17,227000
Azadlıq Prospekti m.,2 otaqlı,60.0,12,175000
Azadlıq Prospekti m.,2 otaqlı,42.0,3,135000
Azadlıq Prospekti m.,5 otaqlı,130.0,3,270000
Azadlıq Prospekti m.,2 otaqlı,46.0,5,150000
Azadlıq Prospekti m.,2 otaqlı,44.0,6,125000
Azadlıq Prospekti m.,3 otaqlı,52.0,4,128000
Azadlıq Prospekti m.,1 otaqlı,40.0,5,88000
Azadlıq Prospekti m.,2 otaqlı,40.0,4,93000
Azadlıq Prospekti m.,3 otaqlı,100.0,2,209000
Azadlıq Prospekti m.,4 otaqlı,190.0,8,270000
Azadlıq Prospekti m.,3 otaqlı,90.0,6,198000
Azadlıq Prospekti m.,2 otaqlı,56.0,11,159000
Azadlıq Prospekti m.,3 otaqlı,65.0,9,132000
Azadlıq Prospekti m.,3 otaqlı,135.0,13,395000
Azadlıq Prospekti m.,3 otaqlı,85.0,6,210000
Azadlıq Prospekti m.,4 otaqlı,180.0,13,375000
Azadlıq Prospekti m.,3 otaqlı,70.0,2,169000
Azadlıq Prospekti m.,2 otaqlı,50.0,10,153000
Azadlıq Prospekti m.,4 otaqlı,185.0,5,410000
Azadlıq Prospekti m.,2 otaqlı,72.0,6,140000
Azadlıq Prospekti m.,3 otaqlı,107.7,7,263865
Azadlıq Prospekti m.,3 otaqlı,80.0,3,202000
Azadlıq Prospekti m.,3 otaqlı,58.0,7,155000
Azadlıq Prospekti m.,3 otaqlı,98.0,12,250000
Azadlıq Prospekti m.,5 otaqlı,225.0,4,388000
Azadlıq Prospekti m.,2 otaqlı,70.0,1,155000
Azadlıq Prospekti m.,3 otaqlı,109.0,12,250000
Azadlıq Prospekti m.,3 otaqlı,115.0,5,280000
Azadlıq Prospekti m.,3 otaqlı,96.0,7,193000
Azadlıq Prospekti m.,2 otaqlı,70.0,5,178000
Azadlıq Prospekti m.,2 otaqlı,68.0,9,172000
Azadlıq Prospekti m.,3 otaqlı,94.0,4,213000
Azadlıq Prospekti m.,5 otaqlı,120.0,9,175000
Azadlıq Prospekti m.,4 otaqlı,155.0,11,320000
Azadlıq Prospekti m.,3 otaqlı,65.0,2,172000
Azadlıq Prospekti m.,3 otaqlı,70.0,1,135000
Azadlıq Prospekti m.,5 otaqlı,120.0,3,270000
Azadlıq Prospekti m.,2 otaqlı,98.0,10,195000
Azadlıq Prospekti m.,2 otaqlı,60.0,16,165000
Azadlıq Prospekti m.,3 otaqlı,90.0,2,235000
Azadlıq Prospekti m.,1 otaqlı,35.0,1,88000
Azadlıq Prospekti m.,3 otaqlı,90.0,7,230000
Azadlıq Prospekti m.,4 otaqlı,135.0,14,335000
Azadlıq Prospekti m.,3 otaqlı,56.0,4,170000
Azadlıq Prospekti m.,2 otaqlı,65.0,8,155000
Azadlıq Prospekti m.,3 otaqlı,110.0,10,264000
Azadlıq Prospekti m.,4 otaqlı,135.0,17,210000
Azadlıq Prospekti m.,3 otaqlı,107.7,7,263865
Azadlıq Prospekti m.,2 otaqlı,100.0,7,235000
Azadlıq Prospekti m.,3 otaqlı,135.0,17,220000
Azadlıq Prospekti m.,2 otaqlı,52.0,2,129500
Azadlıq Prospekti m.,5 otaqlı,120.0,3,250000
Azadlıq Prospekti m.,2 otaqlı,55.0,9,123000
Azadlıq Prospekti m.,5 otaqlı,120.0,5,245000
Azadlıq Prospekti m.,2 otaqlı,45.0,5,140000
Azadlıq Prospekti m.,2 otaqlı,97.0,7,193000
Azadlıq Prospekti m.,4 otaqlı,180.0,16,340000
Azadlıq Prospekti m.,2 otaqlı,50.0,2,129500
Azadlıq Prospekti m.,3 otaqlı,80.0,17,168000
Azadlıq Prospekti m.,3 otaqlı,72.0,2,185000
Azadlıq Prospekti m.,2 otaqlı,60.0,4,155000
Azadlıq Prospekti m.,3 otaqlı,85.0,9,190000
Azadlıq Prospekti m.,2 otaqlı,60.0,7,160000
Azadlıq Prospekti m.,4 otaqlı,180.0,4,350000
Azadlıq Prospekti m.,3 otaqlı,150.0,6,350000
Azadlıq Prospekti m.,3 otaqlı,80.0,7,210000
Azadlıq Prospekti m.,3 otaqlı,128.6,11,270000
Azadlıq Prospekti m.,2 otaqlı,96.5,7,193000
Azadlıq Prospekti m.,3 otaqlı,70.0,2,90000
Azadlıq Prospekti m.,2 otaqlı,67.0,1,155000
Azadlıq Prospekti m.,3 otaqlı,80.0,5,135000
Azadlıq Prospekti m.,3 otaqlı,110.0,9,264000
Azadlıq Prospekti m.,3 otaqlı,107.7,9,263865
Azadlıq Prospekti m.,3 otaqlı,107.7,7,263865
Azadlıq Prospekti m.,3 otaqlı,58.0,7,155000
Azadlıq Prospekti m.,1 otaqlı,35.0,2,101500
Azadlıq Prospekti m.,3 otaqlı,80.0,2,180000
Azadlıq Prospekti m.,4 otaqlı,100.0,1,208000
Azadlıq Prospekti m.,2 otaqlı,95.0,16,205000
Azadlıq Prospekti m.,2 otaqlı,98.0,3,275000
Azadlıq Prospekti m.,2 otaqlı,67.0,16,180000
Azadlıq Prospekti m.,2 otaqlı,67.0,12,205000
Azadlıq Prospekti m.,2 otaqlı,65.0,10,159000
Azadlıq Prospekti m.,2 otaqlı,74.0,8,148000
Azadlıq Prospekti m.,4 otaqlı,160.0,11,376000
Azadlıq Prospekti m.,3 otaqlı,55.0,1,74000
Azadlıq Prospekti m.,3 otaqlı,105.0,13,254000
Azadlıq Prospekti m.,1 otaqlı,74.0,11,148000
Azadlıq Prospekti m.,2 otaqlı,65.0,3,165000
Azadlıq Prospekti m.,3 otaqlı,109.0,8,249000
Azadlıq Prospekti m.,2 otaqlı,55.0,18,148000
Azadlıq Prospekti m.,2 otaqlı,50.0,2,129500
Azadlıq Prospekti m.,3 otaqlı,95.0,6,210000
Azadlıq Prospekti m.,2 otaqlı,74.0,7,173000
Azadlıq Prospekti m.,3 otaqlı,95.0,5,205000
Azadlıq Prospekti m.,3 otaqlı,100.0,15,288000
Azadlıq Prospekti m.,1 otaqlı,43.0,3,130000
Azadlıq Prospekti m.,2 otaqlı,45.0,5,84000
